property_id,survey_number,area_sq_m,owner_name,tax_due,last_paid,assessment_year
TAX-401-6146,Sec-22/R-1,463.97,Jagdeesh,0.0,2026-08-17,2026
TAX-401-9537,Sec-22/S-2,906.85,Sukhvinder,104632.78,2025-09-11,2026
TAX-401-9297,22/B-3,547.7,Amreek,71658.64,2026-04-05,2026
TAX-401-2831,Sec-22/G-4,377.68,Gurprith,18747.43,2025-10-28,2026
TAX-401-7391,S22/H-5,239.92,Raajesh,18292.71,2026-09-05,2026
TAX-401-3960,,155.26,Parmjit,0.0,2026-04-02,2026
TAX-401-9011,,732.88,Ashoke,44919.51,2026-02-25,2026
TAX-401-7755,S22/T-8,779.03,Satindar,59904.61,2026-08-06,2026
TAX-401-8365,22/N-9,130.69,Jasvinder,16997.33,2026-02-23,2026
TAX-401-8356,S22/H-10,1319.98,Narindar,416882.42,2026-02-19,2026
TAX-401-4030,S22/J-11,586.45,Ashoke,36991.19,2026-03-21,2026
TAX-401-5044,22/U-12,1143.89,Manprith,219026.61,2026-04-25,2026
TAX-401-9425,S22/G-13,130.11,Daljit,18978.19,2026-02-24,2026
TAX-401-6913,S22/N-14,128.07,Gurmit,0.0,2025-10-13,2026
TAX-401-3978,Sec-22/H-15,341.09,Ranjit,41854.28,2026-09-09,2026
TAX-401-5595,22/J-16,537.76,Harsimren,78268.22,2026-07-30,2026
TAX-401-8212,Sec-22/K-17,1586.11,Ashoke,170620.19,2026-07-19,2026
TAX-401-5270,Sec-22/V-18,660.17,Jaslin,294022.13,2026-01-25,2026
TAX-401-3824,S22/U-19,313.27,Dawinder,0.0,2026-01-13,2026
TAX-401-4542,S22/E-20,154.01,Daljit,13866.73,2026-03-03,2026
TAX-401-1452,22/G-21,717.25,Jagtaar,0.0,2026-05-09,2026
TAX-401-7063,S22/U-22,166.04,Harjit,12690.48,2025-09-01,2026
TAX-401-4456,Sec-22/R-23,1374.08,Narindar,0.0,2026-03-11,2026
TAX-401-9932,Sec-22/A-24,380.46,Sukhvinder,308579.73,2025-10-14,2026
TAX-401-7553,S22/E-25,1333.19,Jasvinder,0.0,2026-07-05,2026
TAX-401-8126,Sec-22/P-26,639.13,Mandip,65690.16,2026-02-08,2026
TAX-401-4273,Sec-22/N-27,335.79,Mohun,291737.86,2025-08-29,2026
TAX-401-3047,22/G-28,255.43,Balvindar,26352.51,2026-08-26,2026
TAX-401-3218,S22/F-29,292.54,Ranjit,29786.88,2026-03-23,2026
TAX-401-6756,S22/Q-30,531.63,Mohun,50955.68,2026-07-26,2026
TAX-401-8193,S22/S-31,399.17,Sandip,53023.98,2026-09-09,2026
TAX-401-5397,22/P-32,233.91,Aneeta,39870.54,2026-08-16,2026
TAX-401-7002,,26.76,Dawinder,2444.6,2026-05-27,2026
TAX-401-4795,22/J-34,58.89,Lakhweer,4631.23,2026-08-19,2026
TAX-401-5207,22/A-35,35.86,Ashoke,4341.01,2026-09-15,2026
TAX-401-5484,Sec-22/D-36,17.04,Surjit,1453.02,2026-06-26,2026
TAX-401-2885,22/D-37,12.6,Ashoke,10770.37,2026-01-27,2026
TAX-401-1031,Sec-22/F-39,41.12,Raajesh,3251.9,2026-01-04,2026
TAX-401-4440,,16.37,Jagtaar,2333.75,2026-02-23,2026
TAX-401-9025,Sec-22/D-42,50.33,Ashoke,7025.98,2025-09-18,2026
TAX-401-2811,S22/W-43,23.36,Amaan,18127.23,2026-04-15,2026
TAX-401-1894,Sec-22/A-44,52.91,Lakhweer,4616.21,2025-12-03,2026
TAX-401-2815,22/W-47,18.9,Jagdeesh,624.09,2026-01-13,2026
TAX-401-8396,S22/C-48,30.33,Amreek,17716.76,2026-03-10,2026
TAX-401-3080,S22/W-49,89.88,Karun,4817.69,2025-12-11,2026
TAX-401-7539,S22/N-50,40.84,Balweer,5519.61,2026-04-08,2026
TAX-401-4666,22/U-51,19.29,Mohun,1549.81,2026-05-22,2026
TAX-401-5729,S22/P-53,44.32,Raaj,34256.36,2026-04-23,2026
TAX-401-6553,S22/C-55,55.56,Jagtaar,5740.05,2026-01-26,2026
TAX-401-6842,22/C-56,11.51,Lakhweer,348.46,2026-02-06,2026
TAX-401-1729,Sec-22/B-57,55.5,Mandip,7371.09,2026-09-03,2026
TAX-401-5580,22/N-58,29.14,Daljit,922.29,2026-01-06,2026
TAX-401-1478,Sec-22/A-62,13.51,Raaj,2984.1,2025-12-02,2026
TAX-401-4242,Sec-22/V-63,14.04,Satindar,813.57,2026-06-01,2026
TAX-401-5602,,13.47,Amaan,1362.3,2026-05-17,2026
TAX-401-9310,Sec-22/M-65,408.46,Jagdeesh,297213.93,2026-04-06,2026
TAX-401-5459,Sec-22/J-66,780.31,Sureesh,21958.36,2026-02-15,2026
TAX-401-9552,22/R-67,487.53,Jasvinder,49839.46,2026-09-11,2026
TAX-401-2653,,440.92,Sukhprith,180147.81,2025-11-16,2026
TAX-401-6850,22/A-69,209.16,Surindar,30400.19,2025-10-06,2026
TAX-401-5192,22/B-70,142.33,Rawinder,15784.5,2026-04-09,2026
TAX-401-1912,S22/D-71,657.34,Kamaljit,86563.88,2026-08-24,2026
TAX-401-6992,S22/B-72,708.49,Jasvinder,45059.7,2025-11-09,2026
TAX-401-6720,S22/J-73,70.61,Kuldip,8581.64,2026-02-11,2026
TAX-401-4050,S22/N-74,1537.04,Taranjit,37337.95,2026-02-17,2026
TAX-401-9690,S22/D-75,502.55,Narindar,261728.56,2025-12-11,2026
TAX-401-3295,22/P-76,1041.58,Jasvinder,128764.03,2025-09-14,2026
TAX-401-7181,S22/C-77,115.04,Amreek,9616.88,2025-11-14,2026
TAX-401-8012,Sec-22/L-78,84.24,Taranjit,7487.05,2026-09-17,2026
TAX-401-9219,S22/W-79,312.41,Mandip,32017.73,2026-05-30,2026
TAX-401-6964,22/V-80,474.92,Jasvinder,59016.61,2026-04-27,2026
TAX-401-1589,S22/U-81,1411.8,Satindar,0.0,2026-09-05,2026
TAX-401-9616,22/S-82,570.48,Karun,500243.9,2026-01-03,2026
TAX-401-1102,22/P-83,277.27,Vickram,32987.22,2026-03-21,2026
TAX-401-6962,,160.35,Gurprith,8981.91,2025-09-20,2026
TAX-401-1013,22/H-85,879.33,Dawinder,286426.57,2026-04-20,2026
TAX-401-4366,22/R-86,152.75,Rawinder,22432.27,2026-09-09,2026
TAX-401-6336,22/U-87,1231.0,Vickram,867137.41,2025-08-28,2026
TAX-401-5997,S22/E-88,282.97,Preeti,32326.01,2026-04-28,2026
TAX-401-6670,S22/L-89,1180.13,Harjit,0.0,2025-12-10,2026
TAX-401-7531,22/D-90,574.12,Amreek,227913.53,2026-01-09,2026
TAX-401-7241,,311.21,Manjit,20394.95,2025-09-09,2026
TAX-401-2643,Sec-22/M-92,225.28,Dawinder,0.0,2025-11-18,2026
TAX-401-5031,S22/Q-93,270.58,Sureesh,108662.18,2026-07-29,2026
TAX-401-6518,S22/B-94,474.21,Taranjit,29481.93,2026-07-12,2026
TAX-401-3195,,366.52,Taranjit,37966.36,2025-12-06,2026
TAX-401-6731,22/S-96,209.44,Harjit,194431.14,2026-03-20,2026
TAX-401-1185,22/G-97,200.06,Jagtaar,10859.08,2025-11-21,2026
TAX-401-7332,22/V-98,395.28,Jagtaar,58626.0,2026-02-20,2026
TAX-401-4651,Sec-22/B-99,235.32,Ranjit,13326.88,2026-07-29,2026
TAX-401-7249,22/K-100,166.26,Nilam,18726.6,2025-11-27,2026
TAX-401-4038,S22/W-101,98.51,Harjit,0.0,2026-02-09,2026
TAX-401-3673,S22/N-102,63.27,Simren,9088.44,2026-06-07,2026
TAX-401-1482,22/G-103,308.99,Sukhvinder,119401.48,2025-08-19,2026
TAX-401-8382,22/S-104,343.87,Raaj,33285.14,2026-01-10,2026
TAX-401-8821,22/D-105,32.19,Gurprith,2720.13,2026-04-27,2026
TAX-401-1714,22/S-106,573.47,Sukhvinder,43726.27,2025-10-13,2026
TAX-401-9292,S22/B-107,246.75,Sureesh,20999.0,2025-08-29,2026
TAX-401-7066,S22/C-108,498.84,Vickram,247964.04,2026-01-19,2026
TAX-401-7769,S22/W-109,57.21,Satindar,22408.47,2026-04-26,2026
TAX-401-8846,22/R-110,55.64,Sukhvinder,3163.34,2026-01-18,2026
TAX-401-9305,Sec-22/G-111,141.99,Sandip,11745.31,2026-04-20,2026
TAX-401-4851,Sec-22/B-112,234.61,Surindar,8312.47,2026-03-19,2026
TAX-401-4802,Sec-22/Q-113,668.99,Simren,18766.35,2026-02-04,2026
TAX-401-4005,22/R-114,279.13,Preeti,0.0,2026-04-01,2026
TAX-401-7427,S22/R-115,136.71,Dawinder,32755.01,2026-02-11,2026
TAX-401-2032,,69.27,Jaslin,4498.91,2026-03-09,2026
TAX-401-8263,S22/V-117,429.12,Harlin,24783.66,2026-01-23,2026
TAX-401-6843,22/Q-118,70.37,Narindar,47218.63,2025-11-07,2026
TAX-401-4166,Sec-22/A-119,600.09,Manjit,473840.86,2025-09-14,2026
TAX-401-9130,Sec-22/V-120,135.63,Amreek,18474.69,2025-12-29,2026
TAX-401-5489,22/K-121,553.72,Satindar,157444.14,2026-04-02,2026
TAX-401-7420,S22/B-122,279.35,Raajesh,48652.35,2026-03-12,2026
TAX-401-6974,S22/G-123,150.32,Raaj,13780.99,2025-09-22,2026
TAX-401-2926,S22/S-124,106.88,Parmjit,4994.58,2025-10-20,2026
TAX-401-1905,22/S-125,125.2,Nilam,0.0,2026-06-16,2026
TAX-401-3046,22/P-126,222.77,Amaan,7846.78,2025-09-06,2026
TAX-401-3442,22/E-127,177.54,Daljit,17968.07,2026-09-11,2026
TAX-401-2561,Sec-22/N-128,100.44,Amaan,51782.03,2026-02-04,2026
TAX-401-3398,S22/N-129,56.78,Balweer,3274.63,2025-12-17,2026
TAX-401-7926,Sec-22/G-130,110.81,Harprith,2697.72,2025-10-16,2026
TAX-401-2265,S22/K-131,68.37,Satindar,7831.16,2025-12-24,2026
TAX-401-1414,,48.82,Ashoke,5072.07,2026-07-11,2026
TAX-401-7504,Sec-22/C-133,30.97,Amaan,2789.38,2026-08-20,2026
TAX-401-3788,22/J-134,20.3,Gurmit,1865.13,2026-08-27,2026
TAX-401-9440,Sec-22/T-135,70.62,Jasvinder,0.0,2025-08-17,2026
TAX-401-6435,S22/T-136,95.46,Manjit,2457.35,2025-12-28,2026
TAX-401-9724,Sec-22/W-137,13.46,Ranjit,316.07,2025-10-07,2026
TAX-401-8662,Sec-22/N-138,161.03,Sukhvinder,78997.36,2026-01-31,2026
TAX-401-5406,Sec-22/M-139,77.15,Jagtaar,8314.88,2025-08-31,2026
TAX-401-8714,S22/S-140,147.53,Parkash,0.0,2025-11-24,2026
TAX-401-6102,,16.38,Parkash,13789.96,2026-06-16,2026
TAX-401-7235,Sec-22/T-142,16.75,Raaj,16199.23,2025-08-29,2026
TAX-401-9200,Sec-22/T-143,41.16,Mohun,5118.61,2025-08-29,2026
TAX-401-1618,,72.09,Ashoke,11506.67,2026-04-26,2026
TAX-401-6960,,188.58,Mandip,27762.01,2025-12-27,2026
TAX-401-3808,22/S-146,81.4,Balweer,9235.16,2025-11-19,2026
TAX-401-3397,Sec-22/W-147,39.5,Kuldip,4047.86,2026-03-27,2026
TAX-401-2586,Sec-22/A-148,18.6,Harjit,7981.71,2026-06-25,2026
TAX-401-7603,22/V-149,124.57,Raaj,8717.62,2026-03-31,2026
TAX-401-7357,Sec-22/N-150,20.58,Raajesh,832.82,2026-04-17,2026
TAX-401-5935,,173.09,Daljit,16336.96,2026-06-30,2026
TAX-401-8430,22/L-152,39.01,Dawinder,2109.34,2026-08-04,2026
TAX-401-4932,S22/N-153,167.49,Lakhweer,121209.48,2026-07-10,2026
TAX-401-4723,22/C-154,82.46,Rawinder,3592.56,2026-01-06,2026
TAX-401-3253,,43.8,Karun,1187.59,2025-11-20,2026
TAX-401-7402,S22/W-156,31.14,Rawinder,1154.67,2026-08-27,2026
TAX-401-3249,22/Q-157,36.32,Parkash,0.0,2025-12-04,2026
TAX-401-8898,S22/P-158,67.18,Daljit,0.0,2026-09-07,2026
TAX-401-1929,,51.55,Gurmit,4979.24,2026-03-14,2026
TAX-401-5615,Sec-22/J-160,30.44,Raaj,4189.74,2026-02-26,2026
TAX-401-6732,22/L-161,69.34,Taranjit,25966.42,2026-02-06,2026
TAX-401-6484,S22/A-162,131.84,Rajindar,119378.17,2026-02-06,2026
TAX-401-4284,S22/J-163,66.39,Amreek,9401.16,2026-01-24,2026
TAX-401-6269,S22/M-164,44.45,Jagdeesh,20587.85,2026-06-23,2026
TAX-401-7199,Sec-22/N-165,30.06,Vickram,3753.4,2026-07-23,2026
TAX-401-7179,22/M-166,21.22,Sureesh,17296.53,2026-08-22,2026
TAX-401-4305,22/M-167,103.34,Jasvinder,9791.11,2026-03-18,2026
TAX-401-5617,22/H-168,114.59,Ranjit,22812.65,2026-06-20,2026
TAX-401-8983,Sec-22/D-169,20.85,Surindar,15557.16,2026-06-17,2026
TAX-401-3592,S22/U-170,225.47,Taranjit,13680.19,2026-05-09,2026
TAX-401-8023,Sec-22/R-171,102.56,Amaan,11807.55,2025-08-30,2026
TAX-401-3544,Sec-22/Q-172,174.27,Balweer,10694.94,2025-11-24,2026
TAX-401-5951,22/S-173,17.76,Rawinder,2400.29,2026-01-18,2026
TAX-401-2250,S22/B-174,19.11,Satindar,1074.38,2026-03-14,2026
TAX-401-3865,22/Q-175,47.02,Surindar,17423.81,2026-08-03,2026
TAX-401-2714,S22/G-176,78.73,Amaan,5330.36,2026-04-05,2026
TAX-401-9634,S22/F-177,220.43,Gurprith,13482.06,2026-09-15,2026
TAX-401-9701,Sec-22/L-178,96.76,Ranjit,12421.48,2026-04-06,2026
TAX-401-8414,22/S-179,45.4,Jasvinder,1872.59,2026-09-09,2026
TAX-401-1021,Sec-22/D-180,21.11,Mandip,2128.57,2026-05-15,2026
TAX-401-8472,S22/V-181,146.45,Dawinder,86471.18,2025-11-18,2026
TAX-401-6449,22/W-182,30.83,Navjoth,1748.38,2025-12-05,2026
TAX-401-2658,,222.0,Ravnit,15612.87,2026-05-03,2026
TAX-401-1909,22/G-184,52.03,Ashoke,2500.65,2026-03-31,2026
TAX-401-8965,S22/T-185,200.51,Manprith,99765.99,2026-01-02,2026
TAX-401-2959,Sec-22/L-186,83.71,Navjoth,10306.33,2026-03-26,2026
TAX-401-8674,Sec-22/T-187,45.21,Raaj,1218.63,2026-03-30,2026
TAX-401-8752,22/W-188,36.3,Mandip,5022.96,2026-04-15,2026
TAX-401-8513,22/A-189,42.12,Jasvinder,3602.6,2026-03-29,2026
TAX-401-9293,Sec-22/E-190,75.89,Gunbir Murugan,10850.58,2026-01-11,2026
TAX-401-9092,Sec-22/Q-191,53.76,Jagrati Murugan,46836.88,2025-08-29,2026
TAX-401-6959,22/V-192,21.75,Hemangini Murugan,2194.17,2026-04-02,2026
TAX-401-8512,S22/D-193,554.09,Aishani Murugan,20523.21,2025-09-16,2026
TAX-401-6476,22/N-194,1124.2,Caleb Murugan,149902.97,2025-09-18,2026
TAX-401-8409,S22/T-195,673.54,Tripti Murugan,75114.64,2026-04-15,2026
TAX-401-9210,S22/K-196,476.31,Jeet Murugan,79134.24,2026-03-31,2026
TAX-401-5455,Sec-22/G-197,296.02,Kritika Murugan,26273.45,2025-10-05,2026
TAX-401-3672,22/D-198,278.85,Gurmit,28888.87,2026-06-20,2026
TAX-401-8622,22/J-199,875.17,Ranjit,116559.89,2026-08-12,2026
TAX-401-6036,22/G-200,951.09,Baljit,137964.7,2026-04-21,2026
TAX-401-6647,22/H-201,133.71,Mohun,9504.78,2026-07-13,2026
TAX-401-5634,Sec-22/V-202,1579.06,Balweer,220827.9,2026-08-31,2026
TAX-401-4879,22/B-203,900.0,Ashoke,0.0,2026-01-16,2026
TAX-401-6429,Sec-22/R-204,1633.15,Amreek,239907.09,2025-08-27,2026
TAX-401-7349,22/R-205,156.2,Parkash,3717.79,2026-01-22,2026
TAX-401-3130,S22/V-206,166.16,Vickram,149500.91,2026-01-30,2026
TAX-401-9380,22/L-207,404.27,Amarjit,0.0,2026-06-05,2026
TAX-401-9735,S22/G-208,657.12,Preeti,43769.78,2025-10-22,2026
TAX-401-1878,Sec-22/D-209,1957.6,Sukhvinder,0.0,2026-04-04,2026
TAX-401-9778,S22/K-210,800.92,Ranjit,56437.63,2026-04-12,2026
TAX-401-5853,S22/U-211,380.61,Parmjit,54353.56,2026-02-16,2026
TAX-401-6015,22/G-212,232.2,Harjit,28857.62,2025-11-13,2026
TAX-401-2498,22/B-213,1201.09,Jagdeesh,93929.9,2026-05-25,2026
TAX-401-5775,Sec-22/P-214,247.94,Dawinder,9534.44,2025-12-15,2026
TAX-401-2707,Sec-22/L-215,1610.02,Ashoke,219855.2,2026-06-24,2026
TAX-401-8751,Sec-22/P-216,375.11,Mandip,136244.05,2026-07-02,2026
TAX-401-1423,Sec-22/N-217,1584.38,Gurprith,333786.72,2026-09-07,2026
TAX-401-9767,Sec-22/V-218,817.31,Vickram,92209.22,2026-05-27,2026
TAX-401-8292,S22/B-219,421.52,Jagdeesh,15622.52,2025-11-04,2026
TAX-401-6818,S22/R-220,242.76,Arjoon,25326.1,2025-11-17,2026
TAX-401-1015,Sec-22/R-221,349.58,Kiren,309311.45,2026-07-28,2026
TAX-401-3099,22/F-222,459.53,Rawinder,14125.82,2026-01-31,2026
TAX-401-5469,22/H-223,493.89,Sureesh,54891.43,2025-09-25,2026
TAX-401-7576,S22/K-224,292.85,Gurmit,14486.02,2025-10-24,2026
TAX-401-8806,22/K-225,68.81,Ashoke,26466.33,2026-06-18,2026
TAX-401-3762,22/P-226,139.98,Sandip,0.0,2025-08-31,2026
TAX-401-1771,22/G-227,83.51,Jagtaar,4001.53,2026-04-15,2026
TAX-401-8915,S22/B-228,58.38,Jasvinder,1814.95,2026-08-27,2026
TAX-401-9241,S22/F-229,37.31,Mandip,0.0,2026-07-22,2026
TAX-401-7027,S22/C-230,25.66,Narindar,1763.42,2026-07-07,2026
TAX-401-2253,22/E-231,114.6,Rawinder,15801.52,2026-07-13,2026
TAX-401-6755,22/H-232,115.8,Manjit,17342.22,2026-08-28,2026
TAX-401-2655,Sec-22/K-233,16.32,Vickram,0.0,2026-06-14,2026
TAX-401-5173,,200.09,Jagdeesh,0.0,2025-08-31,2026
TAX-401-6750,Sec-22/A-235,91.82,Surindar,5599.19,2026-08-24,2026
TAX-401-5567,S22/U-236,177.58,Parmjit,22323.09,2026-07-01,2026
TAX-401-6399,,19.88,Dawinder,1900.47,2025-10-15,2026
TAX-401-3212,22/D-238,20.71,Vickram,2789.52,2025-10-11,2026
TAX-401-6743,Sec-22/Q-239,52.13,Harjit,7055.89,2026-07-23,2026
TAX-401-2301,22/S-240,88.33,Jagdeesh,5882.05,2026-08-02,2026
TAX-401-8814,S22/P-241,240.41,Kuldip,7129.41,2026-09-15,2026
TAX-401-7807,Sec-22/B-242,99.72,Amaan,8995.54,2025-10-03,2026
TAX-401-5522,S22/T-243,48.49,Mandip,3502.72,2025-08-28,2026
TAX-401-4302,S22/H-244,24.82,Manprith,2867.11,2026-07-03,2026
TAX-401-2686,S22/S-245,155.0,Gurmit,8709.74,2025-08-27,2026
TAX-401-3537,22/E-246,27.26,Narindar,24200.67,2026-02-19,2026
TAX-401-9610,22/N-247,211.93,Parmjit,28948.13,2025-12-18,2026
TAX-401-4668,22/J-248,51.75,Dawinder,5560.22,2026-02-06,2026
TAX-401-8617,Sec-22/P-249,198.35,Jagtaar,179493.09,2026-03-26,2026
TAX-401-4939,22/J-250,102.06,Raajesh,0.0,2025-10-24,2026
TAX-401-2831,22/T-251,53.46,Simren,2099.13,2025-12-15,2026
TAX-401-9888,S22/M-252,38.19,Mohun,0.0,2026-03-09,2026
TAX-401-9238,22/G-253,45.42,Jagdeesh,5306.34,2026-05-29,2026
TAX-401-7328,22/R-254,78.15,Satindar,0.0,2025-09-21,2026
TAX-401-2204,S22/G-255,60.44,Mandip,8191.31,2026-07-26,2026
TAX-401-9332,22/N-256,36.59,Gurprith,5406.86,2026-01-21,2026
TAX-401-5891,,59.7,Sureesh,41037.82,2026-06-17,2026
TAX-401-1475,22/M-258,115.48,Raaj,10476.61,2026-02-09,2026
TAX-401-4972,S22/C-259,71.55,Parkash,42134.42,2026-07-11,2026
TAX-401-9640,S22/C-260,55.41,Ashoke,4439.38,2026-04-25,2026
TAX-401-9938,,24.79,Arjoon,1375.78,2026-04-17,2026
TAX-401-8763,Sec-22/V-262,19.74,Lakhweer,2073.16,2025-09-06,2026
TAX-401-8085,22/A-263,97.51,Kuldip,5082.43,2026-07-28,2026
TAX-401-9167,Sec-22/M-264,77.73,Balweer,2078.03,2026-08-20,2026
TAX-401-8608,S22/T-265,19.07,Taranjit,646.35,2026-04-20,2026
TAX-401-7141,Sec-22/E-266,181.85,Arjoon,26269.4,2026-04-28,2026
TAX-401-5175,22/S-267,84.64,Daljit,7876.62,2025-12-31,2026
TAX-401-4759,22/R-268,141.29,Ranjit,37830.86,2026-02-26,2026
TAX-401-8150,22/C-269,14.77,Harlin,2868.72,2026-07-30,2026
TAX-401-7147,,16.29,Raajesh,485.79,2026-07-02,2026
TAX-401-4465,Sec-22/S-271,37.65,Mandip,1131.69,2026-03-10,2026
TAX-401-1064,S22/T-272,52.66,Sukhvinder,5171.38,2026-05-27,2026
TAX-401-3146,Sec-22/V-273,177.68,Jagtaar,27159.58,2026-04-04,2026
TAX-401-3858,Sec-22/K-274,80.37,Satindar,12205.8,2025-12-01,2026
TAX-401-6112,Sec-22/B-275,41.98,Aneeta,1033.68,2026-05-22,2026
TAX-401-5960,Sec-22/D-276,23.06,Sukhprith,695.53,2025-10-23,2026
TAX-401-5664,22/K-277,186.3,Harprith,8037.22,2026-06-07,2026
TAX-401-1506,22/P-278,21.77,Sukhvinder,18710.52,2025-09-27,2026
TAX-401-1458,Sec-22/A-279,151.83,Kamaljit,0.0,2026-06-04,2026
TAX-401-4927,S22/P-280,37.15,Daljit,8626.22,2026-03-19,2026
TAX-401-4539,Sec-22/S-281,154.86,Parkash,5389.87,2025-08-27,2026
TAX-401-8018,S22/E-282,74.08,Raaj,61351.13,2026-08-18,2026
TAX-401-5363,S22/J-283,38.28,Aneeta,4647.63,2026-02-27,2026
TAX-401-5396,22/B-284,32.59,Raajesh,1786.41,2026-04-23,2026
TAX-401-7187,22/B-285,45.41,Balweer,0.0,2025-09-07,2026
TAX-401-8755,22/J-286,68.77,Harsimren,0.0,2026-09-17,2026
TAX-401-4629,,46.95,Nilam,10114.68,2025-10-23,2026
TAX-401-7640,S22/Q-288,29.93,Sureesh,4604.23,2026-08-19,2026
TAX-401-4173,Sec-22/C-289,384.99,Satindar,361655.61,2026-05-12,2026
TAX-401-1191,S22/C-290,706.29,Ashoke,95320.59,2025-08-31,2026
TAX-401-9051,22/U-291,443.76,Vickram,43995.76,2026-04-18,2026
TAX-401-8194,22/K-292,300.69,Raajesh,139829.84,2026-04-28,2026
TAX-401-8475,22/U-293,189.25,Surindar,22470.71,2025-10-26,2026
TAX-401-7611,22/S-294,135.36,Vickram,63985.35,2026-05-22,2026
TAX-401-8564,S22/F-295,479.53,Balweer,428330.67,2026-05-01,2026
TAX-401-8129,22/S-296,609.93,Ravnit,0.0,2025-11-02,2026
TAX-401-1977,Sec-22/T-297,95.44,Ranjit,66669.62,2026-06-21,2026
TAX-401-5860,S22/M-298,1040.68,Jagdeesh,34662.23,2026-02-04,2026
TAX-401-2268,S22/S-299,605.99,Jagdeesh,68847.75,2026-04-25,2026
TAX-401-5015,S22/D-300,926.23,Harlin,791546.75,2026-03-01,2026
TAX-401-9463,22/W-301,108.8,Harprith,7912.1,2025-11-15,2026
TAX-401-1067,Sec-22/U-302,106.46,Raaj,4749.73,2026-02-21,2026
TAX-401-6815,Sec-22/W-303,264.46,Manjit,25738.88,2026-09-20,2026
TAX-401-7312,Sec-22/V-304,473.37,Parmjit,35059.36,2026-07-20,2026
TAX-401-5420,Sec-22/S-305,1265.17,Sandip,172243.56,2026-02-22,2026
TAX-401-1175,22/H-306,541.21,Gurdip,72477.28,2026-04-02,2026
TAX-401-9192,22/E-307,251.28,Harsimren,25381.6,2026-01-06,2026
TAX-401-3189,Sec-22/R-308,137.53,Parkash,3322.3,2025-11-22,2026
TAX-401-4680,S22/W-309,799.6,Gurmit,77488.32,2026-03-28,2026
TAX-401-9080,S22/W-310,155.74,Harsimren,112538.1,2025-09-09,2026
TAX-401-5501,22/F-311,1117.39,Harprith,50846.87,2025-10-21,2026
TAX-401-3477,Sec-22/N-312,257.97,Baljit,0.0,2026-08-05,2026
TAX-401-7915,22/Q-313,1084.81,Jasvinder,1066514.11,2026-06-05,2026
TAX-401-5627,S22/J-314,526.64,Gurmit,51353.85,2026-02-04,2026
TAX-401-1835,22/J-315,269.44,Jagdeesh,113489.05,2026-04-02,2026
TAX-401-7136,S22/G-316,201.06,Preeti,143825.03,2026-02-11,2026
TAX-401-6054,Sec-22/U-317,222.53,Sukhvinder,213604.85,2026-01-15,2026
TAX-401-7856,22/H-318,437.22,Harjit,318264.75,2025-10-10,2026
TAX-401-7550,22/D-319,270.21,Amandip,16937.97,2026-08-07,2026
TAX-401-6268,Sec-22/R-320,190.71,Vickram,0.0,2026-03-30,2026
TAX-401-6160,S22/W-321,199.93,Sukhvinder,13859.67,2025-11-29,2026
TAX-401-5187,,392.93,Arjoon,26131.38,2026-03-06,2026
TAX-401-6449,22/K-323,237.9,Karun,13833.72,2025-12-12,2026
TAX-401-1156,S22/W-324,190.9,Sureesh,36261.56,2026-05-28,2026
TAX-401-8713,22/A-325,95.75,Gurmit,3092.32,2026-05-06,2026
TAX-401-9575,Sec-22/L-326,63.41,Sukhvinder,5451.63,2025-09-01,2026
TAX-401-9160,S22/G-327,322.42,Gurprith,0.0,2026-07-12,2026
TAX-401-5054,22/B-328,327.6,Gurprith,21557.26,2026-03-18,2026
TAX-401-1064,S22/L-329,44.7,Kuldip,4233.01,2025-11-13,2026
TAX-401-6723,22/H-330,561.06,Satindar,18757.56,2026-01-19,2026
TAX-401-8676,Sec-22/P-331,255.95,Karun,27546.41,2026-07-21,2026
TAX-401-3178,Sec-22/M-332,479.55,Jasvinder,34945.3,2025-10-22,2026
TAX-401-8318,S22/K-333,55.5,Gurmit,7896.94,2026-09-19,2026
TAX-401-9255,S22/C-334,56.87,Ranjit,16336.34,2025-09-22,2026
TAX-401-3014,22/W-335,141.28,Raaj,15224.06,2026-01-29,2026
TAX-401-6323,S22/R-336,244.8,Jagdeesh,16503.72,2025-09-10,2026
TAX-401-6479,Sec-22/D-337,648.61,Sureesh,314708.86,2026-07-04,2026
TAX-401-7633,S22/D-338,293.55,Vickram,45612.83,2025-09-23,2026
TAX-401-8978,22/L-339,134.54,Gurmit,15262.42,2025-11-15,2026
TAX-401-1159,Sec-22/L-340,84.35,Jagdeesh,6839.68,2026-09-09,2026
TAX-401-6671,S22/P-341,421.7,Parmjit,17464.83,2025-08-18,2026
TAX-401-3183,Sec-22/E-342,78.73,Jasvinder,65185.4,2026-03-20,2026
TAX-401-2647,Sec-22/D-343,567.22,Ashoke,234611.75,2026-05-26,2026
TAX-401-2445,,136.12,Jasmine,0.0,2026-04-27,2026
TAX-401-8724,22/W-345,570.47,Surindar,17012.71,2026-08-22,2026
TAX-401-2274,Sec-22/K-346,270.63,Sureesh,31705.67,2026-07-30,2026
TAX-401-2272,,141.12,Daljit,19842.8,2026-03-06,2026
TAX-401-1170,S22/H-348,109.2,Jasvinder,5656.65,2025-12-22,2026
TAX-401-9170,S22/D-349,125.61,Mohun,0.0,2026-04-30,2026
TAX-401-5634,22/U-350,227.2,Lakhweer,32569.57,2025-12-16,2026
TAX-401-8788,22/W-351,225.61,Satindar,9256.55,2025-11-25,2026
TAX-401-7576,S22/U-352,103.01,Amreek,5683.32,2026-07-21,2026
TAX-401-9949,Sec-22/V-353,70.96,Baljit,67146.84,2026-08-05,2026
TAX-401-1379,,149.34,Manjit,7859.84,2026-03-26,2026
TAX-401-9217,Sec-22/M-355,90.52,Narindar,13252.83,2026-03-30,2026
TAX-401-8670,Sec-22/H-356,58.59,Jasvinder,1853.94,2026-08-30,2026
TAX-401-5241,22/C-357,37.52,Raaj,3940.7,2025-10-03,2026
TAX-401-3249,Sec-22/N-358,26.53,Gurmit,2033.68,2026-03-10,2026
TAX-401-7326,22/Q-359,119.56,Harprith,12432.48,2025-09-27,2026
TAX-401-6813,S22/U-360,124.82,Rawinder,13519.92,2026-07-07,2026
TAX-401-2538,S22/P-361,15.84,Surindar,13480.57,2026-05-24,2026
TAX-401-5985,Sec-22/T-362,208.31,Vickram,17137.38,2026-05-15,2026
TAX-401-7233,Sec-22/K-363,92.38,Raajesh,12121.26,2026-08-24,2026
TAX-401-5837,,175.06,Gurmit,96215.67,2026-09-01,2026
TAX-401-7181,S22/S-365,23.24,Ranjit,1819.49,2026-08-05,2026
TAX-401-8570,,20.22,Jagdeesh,1319.86,2026-05-06,2026
TAX-401-4267,22/E-367,53.49,Raaj,3948.68,2025-12-11,2026
TAX-401-2479,22/R-368,84.18,Arjoon,11652.79,2026-05-15,2026
TAX-401-5687,S22/F-369,254.02,Jaslin,41631.18,2026-02-05,2026
TAX-401-8082,S22/G-370,106.91,Manjit,16541.41,2026-04-28,2026
TAX-401-3682,22/U-371,50.0,Amaan,7031.57,2026-06-30,2026
TAX-401-4668,22/V-372,26.49,Manjit,1208.75,2026-05-07,2026
TAX-401-2181,22/L-373,149.42,Kiren,19815.24,2026-07-03,2026
TAX-401-1510,22/F-374,27.36,Sureesh,3339.77,2026-03-20,2026
TAX-401-2640,22/A-375,151.02,Taranjit,9318.91,2025-11-13,2026
TAX-401-2514,,45.11,Jagtaar,1146.08,2025-12-16,2026
TAX-401-9911,S22/V-377,216.53,Surindar,5516.64,2026-05-23,2026
TAX-401-5422,22/C-378,98.8,Amreek,8341.28,2026-05-10,2026
TAX-401-1079,Sec-22/P-379,54.2,Raajesh,3650.7,2025-12-25,2026
TAX-401-8643,,29.88,Amaan,687.61,2025-09-20,2026
TAX-401-2237,,48.29,Harlin,11502.98,2025-08-24,2026
TAX-401-7829,Sec-22/V-382,82.75,Parkash,3889.86,2026-09-18,2026
TAX-401-7548,,59.41,Amreek,5266.92,2025-11-07,2026
TAX-401-9399,Sec-22/G-384,34.72,Rajindar,4242.46,2026-02-16,2026
TAX-401-6784,Sec-22/W-385,175.44,Parmjit,25234.79,2026-09-20,2026
TAX-401-1035,Sec-22/R-386,350.11,Balweer,0.0,2026-06-27,2026
TAX-401-2869,22/V-387,209.48,Arjoon,17534.13,2025-09-23,2026
TAX-401-5698,S22/T-388,144.2,Kamaljit,9526.76,2025-09-05,2026
TAX-401-3800,Sec-22/W-389,115.8,Raaj,7020.35,2026-04-29,2026
TAX-401-6655,Sec-22/D-390,68.66,Rajindar,3780.35,2025-08-22,2026
TAX-401-7195,22/Q-391,274.32,Daljit,13146.96,2026-09-16,2026
TAX-401-6910,22/T-392,294.46,Gurmit,99802.76,2025-12-14,2026
TAX-401-3527,Sec-22/C-393,37.35,Sureesh,3983.43,2026-07-08,2026
TAX-401-4297,Sec-22/R-394,519.72,Taranjit,143627.01,2026-02-01,2026
TAX-401-5151,S22/Q-395,183.19,Jagdeesh,27034.91,2026-05-24,2026
TAX-401-1971,Sec-22/K-396,442.73,Kiren,0.0,2026-08-23,2026
TAX-401-3771,Sec-22/K-397,51.05,Harjit,2599.27,2025-08-29,2026
TAX-401-1258,Sec-22/V-398,49.91,Amandip,6696.04,2026-02-27,2026
TAX-401-6909,Sec-22/E-399,112.98,Daljit,4727.07,2026-04-10,2026
TAX-401-9825,S22/C-400,204.52,Rawinder,0.0,2025-12-07,2026
TAX-401-9362,S22/D-401,608.91,Gurdip,67275.57,2025-10-17,2026
TAX-401-1175,22/L-402,249.79,Vickram,248882.68,2026-03-24,2026
TAX-401-8219,S22/S-403,120.22,Amreek,0.0,2025-12-19,2026
TAX-401-7139,22/C-404,64.9,Harprith,3678.91,2026-06-29,2026
TAX-401-9785,22/H-405,388.35,Daljit,314438.99,2025-11-17,2026
TAX-401-1838,,71.12,Amandip,5110.59,2026-03-14,2026
TAX-401-1265,S22/B-407,543.44,Harprith,13101.23,2025-09-27,2026
TAX-401-9547,S22/B-408,116.66,Balweer,8436.08,2025-12-05,2026
TAX-401-7613,22/U-409,508.06,Manjit,401026.19,2025-12-31,2026
TAX-401-1143,,244.48,Kuldip,0.0,2026-01-03,2026
TAX-401-9619,22/H-411,131.61,Satindar,125173.67,2025-10-23,2026
TAX-401-6791,Sec-22/F-412,96.83,Rawinder,75214.06,2025-09-11,2026
TAX-401-3513,22/B-413,88.41,Manjit,2888.05,2026-01-06,2026
TAX-401-7953,Sec-22/R-414,205.97,Amaan,16452.51,2026-03-24,2026
TAX-401-8602,Sec-22/C-415,157.16,Manprith,22711.29,2026-02-08,2026
TAX-401-7608,22/V-416,113.37,Mandip,46485.2,2026-09-06,2026
TAX-401-7532,,67.36,Jasmine,3115.47,2026-05-16,2026
TAX-401-9911,Sec-22/E-418,144.52,Sandip,4828.88,2025-12-12,2026
TAX-401-8414,,83.33,Satindar,21909.3,2026-09-02,2026
TAX-401-6810,Sec-22/K-420,56.17,Taranjit,2674.48,2025-10-28,2026
TAX-401-9024,S22/G-421,35.11,Gurprith,3966.46,2025-10-21,2026
TAX-401-3345,S22/H-422,24.3,Parmjit,2098.56,2025-09-13,2026
TAX-401-2274,S22/M-423,115.3,Jasvinder,16274.82,2026-09-10,2026
TAX-401-4648,Sec-22/S-424,115.15,Daljit,2977.89,2026-08-31,2026
TAX-401-8021,22/K-425,18.67,Aneeta,3916.14,2025-11-28,2026
TAX-401-9232,S22/A-426,209.8,Surjit,12239.58,2025-09-22,2026
TAX-401-5193,22/P-427,89.9,Lakhweer,2100.96,2026-09-08,2026
TAX-401-5921,22/P-428,157.12,Mohun,10066.59,2026-09-14,2026
TAX-401-4984,22/W-429,18.52,Parmjit,10833.3,2026-03-16,2026
TAX-401-3794,Sec-22/G-430,18.87,Karun,2161.08,2026-01-28,2026
TAX-401-7091,22/T-431,46.04,Sukhvinder,6098.43,2025-09-24,2026
TAX-401-4600,Sec-22/D-432,80.8,Surindar,59696.59,2026-06-08,2026
TAX-401-9856,S22/N-433,215.85,Harprith,97647.08,2026-08-17,2026
TAX-401-6888,,95.71,Ravnit,11983.5,2026-03-26,2026
TAX-401-6543,S22/K-435,45.01,Simren,2921.71,2025-10-08,2026
TAX-401-2590,22/V-436,22.65,Taranjit,2992.96,2026-02-09,2026
TAX-401-7175,Sec-22/B-437,153.7,Raaj,16494.13,2026-06-04,2026
TAX-401-5824,S22/M-438,27.71,Sukhvinder,581.83,2026-08-15,2026
TAX-401-9189,Sec-22/D-439,257.01,Daljit,9968.62,2025-10-07,2026
TAX-401-9971,22/G-440,41.69,Gurprith,4032.2,2026-07-03,2026
TAX-401-3717,,184.52,Dawinder,9362.05,2026-07-11,2026
TAX-401-7926,22/H-442,97.15,Parkash,46689.86,2025-12-11,2026
TAX-401-7603,22/E-443,54.96,Kamaljit,5782.16,2026-02-15,2026
TAX-401-8843,Sec-22/D-444,40.51,Satindar,25381.49,2025-08-30,2026
TAX-401-1438,22/R-445,40.68,Narindar,5764.0,2026-02-27,2026
TAX-401-2389,Sec-22/G-446,75.46,Amarjit,2527.26,2025-12-06,2026
TAX-401-7580,S22/U-447,59.83,Gurmit,0.0,2026-02-04,2026
TAX-401-8301,22/N-448,36.29,Amarjit,4764.62,2026-06-01,2026
TAX-401-2430,22/M-449,364.14,Ravnit,32895.18,2026-07-23,2026
TAX-401-1345,22/B-450,680.45,Surindar,0.0,2026-09-20,2026
TAX-401-8249,Sec-22/K-451,416.84,Vickram,45793.99,2025-11-03,2026
TAX-401-9623,22/Q-452,292.22,Amaan,109993.32,2025-11-06,2026
TAX-401-5194,Sec-22/B-453,187.71,Parkash,8244.57,2025-09-04,2026
TAX-401-8456,Sec-22/N-454,113.54,Sukhvinder,7203.23,2026-03-26,2026
TAX-401-2001,22/T-455,558.99,Parkash,79124.09,2025-10-08,2026
TAX-401-7140,Sec-22/D-456,609.67,Sureesh,350865.88,2025-12-25,2026
TAX-401-2557,S22/H-457,76.01,Taranjit,9435.89,2026-07-09,2026
TAX-401-1644,Sec-22/D-458,1038.74,Gurprith,30695.47,2025-11-26,2026
TAX-401-5419,22/C-459,451.17,Ashoke,312908.43,2026-07-01,2026
TAX-401-5558,S22/P-460,1135.53,Sureesh,107765.2,2025-10-10,2026
TAX-401-2115,22/B-461,102.88,Harlin,4181.75,2026-04-15,2026
TAX-401-8296,S22/D-462,103.01,Karun,8692.62,2026-07-20,2026
TAX-401-9802,22/E-463,250.09,Gurmit,16544.09,2025-09-13,2026
TAX-401-7338,S22/N-464,418.61,Karun,59636.48,2026-07-30,2026
TAX-401-9999,22/L-465,1260.98,Ashoke,380599.26,2025-12-28,2026
TAX-401-6650,,433.62,Parkash,416962.9,2026-06-30,2026
TAX-401-1062,Sec-22/A-467,248.02,Jagtaar,108229.74,2026-03-28,2026
TAX-401-8572,S22/J-468,117.35,Rawinder,15736.16,2026-07-01,2026
TAX-401-9395,S22/V-469,781.86,Parkash,57537.02,2026-04-04,2026
TAX-401-3680,S22/D-470,142.94,Amandip,0.0,2025-09-28,2026
TAX-401-7336,S22/J-471,1049.52,Arjoon,511977.66,2026-09-19,2026
TAX-401-4393,Sec-22/S-472,206.07,Harjit,23657.83,2026-06-10,2026
TAX-401-7681,Sec-22/G-473,1047.98,Harjit,0.0,2025-08-25,2026
TAX-401-3677,22/W-474,501.87,Arjoon,10421.18,2025-09-27,2026
TAX-401-5532,22/A-475,249.44,Manprith,17552.54,2026-03-18,2026
TAX-401-7731,S22/W-476,192.89,Surindar,155677.12,2026-05-13,2026
TAX-401-9618,Sec-22/V-477,220.76,Raajesh,31158.23,2026-05-06,2026
TAX-401-8402,S22/U-478,428.56,Sukhprith,0.0,2026-03-07,2026
TAX-401-1352,22/N-479,307.12,Jagtaar,11064.61,2025-11-26,2026
TAX-401-7471,22/F-480,181.54,Harprith,0.0,2026-04-12,2026
TAX-401-9721,22/W-481,366.82,Ashoke,169729.74,2026-07-04,2026
TAX-401-6129,Sec-22/H-482,681.27,Raajesh,25269.88,2025-11-10,2026
TAX-401-6793,22/L-483,413.56,Mohun,8464.83,2025-12-23,2026
TAX-401-1152,Sec-22/B-484,282.01,Narindar,182857.74,2026-04-12,2026
TAX-401-3373,Sec-22/F-485,185.28,Narindar,151198.34,2026-05-16,2026
TAX-401-9689,Sec-22/K-486,126.29,Manprith,53932.91,2026-06-15,2026
TAX-401-8944,S22/Q-487,546.91,Mohun,34956.4,2026-09-09,2026
TAX-401-3866,22/G-488,586.96,Karun,155216.3,2025-10-29,2026
TAX-401-4196,22/Q-489,65.53,Karun,8426.72,2026-07-15,2026
TAX-401-2936,S22/A-490,1018.28,Parmjit,0.0,2025-08-20,2026
TAX-401-2942,S22/E-491,428.86,Balweer,35992.16,2026-06-30,2026
TAX-401-4966,Sec-22/S-492,873.02,Jasmine,92467.74,2026-06-08,2026
TAX-401-2130,Sec-22/F-493,100.87,Dawinder,2810.75,2026-03-05,2026
TAX-401-9504,22/F-494,97.87,Amreek,9478.37,2026-02-19,2026
TAX-401-2188,,246.74,Daljit,0.0,2026-03-27,2026
TAX-401-8336,Sec-22/E-496,434.94,Jagtaar,20768.67,2025-10-22,2026
TAX-401-9107,Sec-22/L-497,1171.84,Taranjit,817536.17,2026-03-10,2026
TAX-401-6668,Sec-22/L-498,483.03,Ashoke,61398.8,2026-01-03,2026
TAX-401-1347,S22/P-499,295.64,Amaan,209361.98,2025-09-08,2026
TAX-401-6707,,120.84,Surindar,100936.59,2025-10-23,2026
TAX-401-9051,S22/A-501,748.35,Vickram,0.0,2026-06-25,2026
TAX-401-7105,S22/F-502,120.02,Aneeta,51885.59,2026-08-23,2026
TAX-401-2596,S22/P-503,1069.88,Amaan,49955.79,2025-12-26,2026
TAX-401-4981,Sec-22/F-504,216.92,Jagdeesh,18234.09,2025-10-18,2026
TAX-401-4640,S22/Q-505,1027.57,Manjit,0.0,2026-07-27,2026
TAX-401-3756,22/F-506,493.89,Gurmit,13494.44,2026-08-27,2026
TAX-401-1226,22/F-507,255.99,Kamaljit,11463.49,2026-07-15,2026
TAX-401-7832,Sec-22/H-508,201.83,Jagtaar,154361.04,2026-03-22,2026
TAX-401-9843,Sec-22/K-509,205.13,Harsimren,19829.17,2026-06-18,2026
TAX-401-9519,Sec-22/C-510,327.09,Dawinder,47353.48,2025-08-30,2026
TAX-401-7253,S22/L-511,307.71,Gurmit,141539.79,2026-01-09,2026
TAX-401-7485,S22/M-512,175.14,Karun,25490.25,2026-09-19,2026
TAX-401-9504,Sec-22/B-513,241.19,Sureesh,20678.1,2025-11-04,2026
TAX-401-1599,Sec-22/H-514,456.61,Harlin,61783.46,2026-05-23,2026
TAX-401-1153,S22/L-515,264.24,Satindar,22413.02,2026-08-18,2026
TAX-401-5547,22/S-516,184.95,Mohun,115243.38,2026-05-16,2026
TAX-401-5996,S22/N-517,115.87,Sukhvinder,15456.99,2026-04-11,2026
TAX-401-3577,,85.34,Simren,0.0,2026-06-28,2026
TAX-401-1504,Sec-22/J-519,362.16,Ashoke,0.0,2026-03-07,2026
TAX-401-9698,S22/D-520,378.01,Sandip,25984.37,2025-10-29,2026
TAX-401-2178,22/S-521,57.05,Baljit,21271.14,2026-08-02,2026
TAX-401-9841,,659.64,Sandip,0.0,2026-05-09,2026
TAX-401-2011,,304.07,Parmjit,32898.32,2025-11-15,2026
TAX-401-6340,S22/D-524,556.65,Arjoon,32312.19,2026-01-26,2026
TAX-401-4314,22/S-525,63.6,Surjit,42915.81,2026-03-09,2026
TAX-401-9250,Sec-22/C-526,59.74,Amreek,8410.73,2026-03-19,2026
TAX-401-2530,Sec-22/L-527,163.95,Harprith,20883.38,2026-01-01,2026
TAX-401-6135,22/V-528,274.97,Amreek,38322.81,2026-02-09,2026
TAX-401-1881,Sec-22/E-529,775.25,Taranjit,646147.08,2025-11-08,2026
TAX-401-7334,S22/M-530,331.7,Vickram,7338.12,2026-05-13,2026
TAX-401-9347,S22/R-531,158.76,Nilam,15634.11,2026-03-27,2026
TAX-401-2931,Sec-22/F-532,91.88,Parkash,80287.26,2025-09-23,2026
TAX-401-7145,22/J-533,494.23,Kiren,12996.84,2025-12-23,2026
TAX-401-6603,Sec-22/P-534,70.97,Ranee,8754.92,2026-06-03,2026
TAX-401-6892,S22/U-535,702.7,Parmjit,49890.98,2026-07-10,2026
TAX-401-6715,22/E-536,141.73,Satindar,122693.88,2026-01-14,2026
TAX-401-9487,Sec-22/V-537,650.84,Taranjit,77003.53,2026-09-19,2026
TAX-401-7966,22/Q-538,319.19,Gurdip,47512.61,2026-07-03,2026
TAX-401-2500,S22/H-539,169.46,Manjit,0.0,2026-08-25,2026
TAX-401-3449,,123.64,Narindar,12314.81,2025-11-28,2026
TAX-401-3074,Sec-22/S-541,141.77,Rajindar,0.0,2025-09-28,2026
TAX-401-4916,S22/R-542,321.46,Balvindar,15681.76,2026-09-03,2026
TAX-401-5555,S22/P-543,243.38,Harjit,52215.55,2025-09-23,2026
TAX-401-8391,22/U-544,115.71,Harprith,8928.11,2026-03-18,2026
TAX-401-2486,22/J-545,199.24,Taranjit,4756.18,2025-11-23,2026
TAX-401-7734,22/Q-546,405.55,Ashoke,27408.39,2026-06-25,2026
TAX-401-7550,22/T-547,236.98,Baljit,27570.45,2026-07-02,2026
TAX-401-6347,S22/C-548,171.0,Balweer,41551.15,2026-01-25,2026
TAX-401-4732,Sec-22/P-549,102.93,Mohun,15255.28,2026-02-10,2026
TAX-401-1416,22/N-550,71.83,Mandip,6330.98,2026-02-07,2026
TAX-401-4135,Sec-22/J-551,298.94,Balweer,0.0,2025-10-12,2026
TAX-401-5302,S22/T-552,324.51,Parkash,141466.31,2026-01-13,2026
TAX-401-1299,S22/Q-553,61.39,Preeti,5433.62,2025-09-11,2026
TAX-401-4884,22/U-554,384.81,Rawinder,10942.73,2026-07-17,2026
TAX-401-1079,Sec-22/L-555,232.2,Ranjit,32454.27,2026-05-22,2026
TAX-401-8285,S22/T-556,475.37,Harjit,62075.98,2025-10-07,2026
TAX-401-5447,Sec-22/W-557,54.48,Dawinder,5835.35,2026-06-01,2026
TAX-401-4477,22/V-558,50.71,Surindar,2587.66,2026-07-03,2026
TAX-401-4460,22/F-559,156.68,Rawinder,74300.44,2026-04-05,2026
TAX-401-4287,22/G-560,243.29,Daljit,90441.57,2026-02-08,2026
TAX-401-6638,22/V-561,699.23,Ravnit,693695.73,2026-03-19,2026
TAX-401-5064,22/C-562,311.91,Sureesh,278111.11,2026-02-22,2026
TAX-401-5469,,128.79,Parkash,80744.62,2026-09-20,2026
TAX-401-3534,Sec-22/M-564,79.59,Baljit,4181.52,2025-12-16,2026
TAX-401-3915,22/S-565,431.4,Jasvinder,368687.61,2026-08-17,2026
TAX-401-9899,S22/L-566,67.07,Baljit,3602.73,2025-12-12,2026
TAX-401-9675,S22/G-567,610.28,Baljit,48062.66,2026-01-29,2026
TAX-401-4322,22/A-568,126.31,Manprith,15853.48,2025-11-05,2026
TAX-401-7688,22/C-569,579.04,Surindar,384810.94,2026-09-18,2026
TAX-401-8467,Sec-22/U-570,279.99,Narindar,38457.13,2025-12-25,2026
TAX-401-8471,,146.23,Surindar,11582.76,2026-07-07,2026
TAX-401-6743,22/F-572,110.49,Karun,11535.92,2026-09-17,2026
TAX-401-7630,22/Q-573,127.04,Arjoon,8660.64,2025-12-25,2026
TAX-401-6666,Sec-22/P-574,234.35,Amreek,11696.93,2026-08-12,2026
TAX-401-3965,22/M-575,170.54,Vickram,45259.67,2025-12-10,2026
TAX-401-7531,Sec-22/H-576,104.23,Amreek,40718.5,2026-06-17,2026
TAX-401-1632,,594.08,Sureesh,27317.41,2026-09-08,2026
TAX-401-6788,Sec-22/R-578,933.01,Satindar,37229.51,2025-10-14,2026
TAX-401-6279,Sec-22/C-579,585.47,Karun,57825.79,2026-03-25,2026
TAX-401-5211,Sec-22/T-580,492.0,Kuldip,67285.85,2026-03-28,2026
TAX-401-7803,S22/F-581,299.19,Baljit,15014.55,2025-09-25,2026
TAX-401-6297,S22/P-582,218.15,Sureesh,8290.33,2025-08-17,2026
TAX-401-1885,22/T-583,742.86,Sureesh,210164.62,2025-10-01,2026
TAX-401-1913,22/T-584,1028.84,Daljit,108801.48,2026-01-11,2026
TAX-401-5158,S22/N-585,177.74,Amaan,0.0,2026-01-26,2026
TAX-401-8743,S22/Q-586,1756.74,Jagtaar,455160.88,2026-05-24,2026
TAX-401-4109,22/J-587,788.58,Surindar,114108.69,2025-10-11,2026
TAX-401-7016,S22/M-588,1516.18,Rawinder,115326.76,2025-09-03,2026
TAX-401-8006,22/Q-589,172.43,Amreek,21621.02,2026-01-22,2026
TAX-401-7678,Sec-22/G-590,168.79,Karun,14810.51,2026-09-19,2026
TAX-401-2146,S22/K-591,452.99,Daljit,15729.77,2025-10-05,2026
TAX-401-2939,Sec-22/T-592,746.3,Jagdeesh,736456.66,2026-06-08,2026
TAX-401-5216,22/P-593,2001.62,Arjoon,283584.08,2026-02-16,2026
TAX-401-5772,Sec-22/Q-594,852.03,Navjoth,435925.49,2026-05-13,2026
TAX-401-3880,Sec-22/J-595,409.47,Harprith,0.0,2025-12-30,2026
TAX-401-1811,S22/U-596,219.48,Parmjit,16271.39,2026-06-09,2026
TAX-401-7892,22/H-597,1313.64,Kiren,938828.94,2026-02-07,2026
TAX-401-1832,22/G-598,235.22,Mandip,26408.35,2025-08-31,2026
TAX-401-5501,22/N-599,1794.06,Arjoon,139946.35,2026-03-28,2026
TAX-401-4136,Sec-22/M-600,390.47,Dawinder,29823.59,2026-02-20,2026
TAX-401-9386,Sec-22/K-601,1741.18,Jasvinder,71512.36,2026-09-06,2026
TAX-401-6074,S22/S-602,865.69,Harlin,0.0,2026-05-28,2026
TAX-401-6076,Sec-22/F-603,438.11,Mandip,427841.47,2025-09-21,2026
TAX-401-4850,,322.79,Harjit,33525.96,2026-08-11,2026
TAX-401-1035,S22/F-605,388.18,Gurmit,57599.24,2025-09-05,2026
TAX-401-7817,Sec-22/U-606,932.82,Raaj,194638.2,2026-06-21,2026
TAX-401-9001,S22/M-607,524.94,Vickram,25382.15,2026-08-04,2026
TAX-401-9146,S22/R-608,308.87,Amaan,39531.39,2025-09-02,2026
TAX-401-9454,,143.68,Harprith,42375.48,2026-04-11,2026
TAX-401-2767,S22/G-610,297.99,Lakhweer,155330.24,2026-06-05,2026
TAX-401-5213,S22/F-611,186.25,Ranjit,153607.45,2025-12-25,2026
TAX-401-9130,S22/K-612,122.69,Jasvinder,5149.27,2026-09-12,2026
TAX-401-7805,S22/N-613,75.43,Sureesh,19001.83,2026-05-16,2026
TAX-401-2904,Sec-22/G-614,47.02,Gurprith,5657.48,2026-01-29,2026
TAX-401-2243,22/C-615,244.54,Manprith,242446.16,2026-05-03,2026
TAX-401-8099,22/R-616,251.05,Raajesh,37498.1,2026-09-02,2026
TAX-401-8550,22/J-617,38.76,Daljit,5591.91,2025-09-21,2026
TAX-401-7360,S22/B-618,430.16,Surindar,23768.49,2025-10-23,2026
TAX-401-6949,S22/N-619,194.26,Arjoon,81251.77,2026-02-21,2026
TAX-401-4754,22/B-620,372.45,Baljit,148206.58,2026-08-15,2026
TAX-401-3758,22/B-621,42.46,Ravnit,5993.44,2026-09-10,2026
TAX-401-7952,S22/G-622,40.71,Parkash,1883.94,2025-12-19,2026
TAX-401-2996,22/T-623,113.83,Raaj,4632.76,2025-08-28,2026
TAX-401-3906,S22/T-624,131.85,Parkash,9590.6,2025-12-08,2026
TAX-401-7683,Sec-22/F-625,514.58,Raaj,0.0,2026-01-24,2026
TAX-401-3927,Sec-22/D-626,210.0,Lakhweer,0.0,2026-08-04,2026
TAX-401-1365,Sec-22/F-627,102.93,Ravnit,13669.07,2026-02-16,2026
TAX-401-9985,Sec-22/W-628,51.57,Parkash,0.0,2025-08-23,2026
TAX-401-2003,22/K-629,326.79,Vickram,41391.99,2026-05-10,2026
TAX-401-2615,Sec-22/H-630,57.3,Ashoke,5439.63,2026-01-25,2026
TAX-401-1498,Sec-22/K-631,434.71,Raajesh,51364.22,2025-11-21,2026
TAX-401-1598,S22/K-632,101.11,Sukhprith,27681.57,2025-09-04,2026
TAX-401-9324,22/G-633,353.05,Sukhvinder,52490.78,2025-10-27,2026
TAX-401-1508,Sec-22/J-634,214.46,Gurdip,20227.61,2026-05-09,2026
TAX-401-7398,Sec-22/J-635,113.48,Rawinder,2348.66,2025-10-26,2026
TAX-401-6375,Sec-22/A-636,82.52,Jagdeesh,17957.49,2026-05-26,2026
TAX-401-7355,S22/Q-637,93.1,Amreek,9569.28,2025-08-29,2026
TAX-401-2048,22/W-638,169.78,Harjit,127622.67,2026-05-29,2026
TAX-401-9912,S22/B-639,128.62,Jasvinder,4838.39,2026-09-01,2026
TAX-401-4009,22/R-640,75.36,Amaan,34262.03,2025-12-07,2026
TAX-401-6312,,57.48,Jagdeesh,6141.23,2026-03-05,2026
TAX-401-2873,22/M-642,116.5,Jagdeesh,9601.91,2026-05-15,2026
TAX-401-5907,22/D-643,72.61,Jaslin,2418.4,2025-11-24,2026
TAX-401-5687,,48.98,Baljit,48812.13,2026-06-28,2026
TAX-401-9466,22/V-645,30.91,Sukhvinder,3162.6,2025-09-13,2026
TAX-401-6365,22/U-646,19.49,Gurprith,1458.95,2026-07-11,2026
TAX-401-8826,S22/E-647,91.44,Satindar,0.0,2025-10-16,2026
TAX-401-9056,S22/R-648,99.62,Karun,14046.46,2025-11-17,2026
TAX-401-4351,S22/C-649,14.8,Harprith,961.52,2026-01-14,2026
TAX-401-7534,Sec-22/D-650,159.28,Ashoke,64039.34,2026-07-26,2026
TAX-401-8815,Sec-22/S-651,76.08,Jasvinder,8420.46,2026-02-24,2026
TAX-401-4457,S22/G-652,148.82,Gurmit,20977.71,2025-08-18,2026
TAX-401-8721,S22/R-653,16.54,Kuldip,0.0,2025-09-15,2026
TAX-401-4983,,16.42,Sukhvinder,2014.73,2026-06-27,2026
TAX-401-5677,S22/B-655,43.56,Surindar,2374.91,2026-04-27,2026
TAX-401-9616,,71.22,Parmjit,33916.19,2025-11-24,2026
TAX-401-7493,Sec-22/A-657,205.27,Sureesh,13461.99,2026-06-27,2026
TAX-401-7707,S22/S-658,89.18,Amaan,7888.79,2026-06-27,2026
TAX-401-9965,22/H-659,40.9,Rawinder,0.0,2026-06-14,2026
TAX-401-7529,22/B-660,19.12,Gurmit,17943.13,2026-08-25,2026
TAX-401-5224,S22/M-661,131.47,Amreek,13690.12,2026-05-07,2026
TAX-401-8338,Sec-22/M-662,21.15,Ashoke,1843.42,2025-11-22,2026
TAX-401-2359,22/F-663,168.54,Manprith,20523.59,2026-02-02,2026
TAX-401-6789,Sec-22/Q-664,38.65,Vickram,2141.25,2026-04-17,2026
TAX-401-3916,Sec-22/N-665,193.21,Vickram,105478.36,2025-12-23,2026
TAX-401-7284,22/G-666,104.6,Parkash,14695.88,2026-04-27,2026
TAX-401-7247,S22/P-667,55.8,Parmjit,27634.72,2026-09-10,2026
TAX-401-4892,Sec-22/N-668,31.27,Amreek,3828.14,2025-12-27,2026
TAX-401-6108,22/F-669,34.18,Rawinder,3230.45,2026-06-22,2026
TAX-401-8594,Sec-22/J-670,65.65,Harjit,7299.1,2026-03-28,2026
TAX-401-6553,S22/W-671,52.97,Manjit,2280.48,2025-09-30,2026
TAX-401-4579,,31.76,Jasvinder,4573.57,2026-06-08,2026
TAX-401-9643,,222.8,Lakhweer,13347.81,2025-12-23,2026
TAX-401-6223,22/M-674,419.37,Narindar,13061.37,2026-01-28,2026
TAX-401-4504,S22/V-675,240.64,Jagtaar,29570.1,2026-08-14,2026
TAX-401-3992,Sec-22/V-676,166.82,Taranjit,9382.3,2026-03-09,2026
TAX-401-2862,,102.01,Gurprith,8098.05,2025-08-29,2026
TAX-401-6240,22/P-678,73.12,Surjit,7695.49,2025-11-26,2026
TAX-401-6903,22/B-679,293.52,Preeti,37309.89,2026-05-06,2026
TAX-401-5886,22/T-680,386.75,Balvindar,48969.61,2026-06-03,2026
TAX-401-8235,Sec-22/N-681,46.85,Raaj,1495.96,2026-07-08,2026
TAX-401-8658,Sec-22/P-682,697.74,Taranjit,96047.25,2025-11-22,2026
TAX-401-4864,22/W-683,283.42,Rajindar,25638.58,2026-08-17,2026
TAX-401-6739,Sec-22/Q-684,553.31,Jaslin,28989.71,2026-05-18,2026
TAX-401-9554,S22/P-685,63.78,Narindar,52714.63,2026-03-21,2026
TAX-401-9663,S22/A-686,59.08,Rajindar,5008.08,2026-02-23,2026
TAX-401-2141,S22/U-687,156.56,Taranjit,154971.75,2026-01-09,2026
TAX-401-8968,S22/A-688,252.81,Ashoke,23933.89,2026-02-19,2026
TAX-401-7785,S22/P-689,720.42,Lakhweer,86562.22,2026-03-27,2026
TAX-401-3679,Sec-22/T-690,320.9,Rawinder,37156.77,2025-11-12,2026
TAX-401-6801,22/P-691,149.78,Amaan,0.0,2026-08-17,2026
TAX-401-5840,S22/S-692,75.01,Taranjit,6936.2,2026-07-13,2026
TAX-401-8496,Sec-22/L-693,431.38,Parkash,27252.56,2026-04-27,2026
TAX-401-3843,Sec-22/K-694,75.47,Narindar,0.0,2025-10-22,2026
TAX-401-4476,Sec-22/B-695,657.84,Kamaljit,60331.82,2026-01-05,2026
TAX-401-2857,22/N-696,134.22,Gurmit,11042.77,2025-10-03,2026
TAX-401-6828,Sec-22/U-697,467.72,Taranjit,300925.23,2025-10-22,2026
TAX-401-7152,S22/H-698,272.99,Gurdip,10772.54,2026-05-16,2026
TAX-401-9098,Sec-22/H-699,151.79,Ranjit,98516.39,2025-09-17,2026
TAX-401-9129,Sec-22/A-700,120.06,Raaj,16237.0,2026-07-15,2026
TAX-401-8230,Sec-22/T-701,130.73,Preeti,8011.07,2026-07-11,2026
TAX-401-4826,Sec-22/L-702,246.76,Dawinder,5776.3,2025-12-16,2026
TAX-401-2584,,194.48,Ranjit,164757.17,2026-08-06,2026
TAX-401-1590,S22/E-704,106.22,Parmjit,5014.88,2026-05-16,2026
TAX-401-7998,22/U-705,777.04,Daljit,48264.71,2026-03-13,2026
TAX-401-7586,22/R-706,1536.89,Mandip,268591.52,2026-07-01,2026
TAX-401-9295,,962.32,Narindar,38234.39,2026-08-26,2026
TAX-401-8929,Sec-22/C-708,645.71,Narindar,148791.58,2025-09-20,2026
TAX-401-1573,S22/H-709,398.9,Raajesh,9960.5,2026-09-21,2026
TAX-401-1751,Sec-22/E-710,243.9,Baljit,12679.88,2026-08-13,2026
TAX-401-6825,S22/S-711,1232.28,Sandip,169871.46,2026-09-08,2026
TAX-401-2613,S22/N-712,1309.95,Narindar,121968.07,2026-07-26,2026
TAX-401-8261,Sec-22/P-713,132.16,Amandip,8314.12,2026-08-24,2026
TAX-401-4343,,2233.96,Raaj,267524.93,2026-05-13,2026
TAX-401-8896,22/H-715,1001.38,Amandip,553565.79,2025-11-22,2026
TAX-401-9062,22/Q-716,1919.81,Kiren,66876.17,2026-01-25,2026
TAX-401-1224,22/C-717,219.57,Karun,25519.96,2025-10-09,2026
TAX-401-9426,22/T-718,177.33,Taranjit,6053.35,2026-07-01,2026
TAX-401-9164,S22/N-719,576.66,Manjit,51545.08,2025-12-10,2026
TAX-401-7820,22/N-720,929.37,Amreek,113378.89,2025-11-11,2026
TAX-401-3290,S22/N-721,2675.11,Sureesh,131002.36,2025-10-26,2026
TAX-401-5587,,1112.31,Raajesh,382600.54,2025-11-04,2026
TAX-401-1255,S22/C-723,519.35,Mohun,66749.56,2026-07-11,2026
TAX-401-8845,Sec-22/F-724,295.82,Jagdeesh,13092.41,2026-04-20,2026
TAX-401-5344,Sec-22/C-725,1720.62,Rawinder,73902.19,2025-09-11,2026
TAX-401-8538,Sec-22/H-726,321.06,Rawinder,18907.72,2025-10-17,2026
TAX-401-3080,S22/J-727,2296.28,Ashoke,217194.12,2026-09-02,2026
TAX-401-3312,22/Q-728,508.88,Mohun,0.0,2026-08-09,2026
TAX-401-6044,Sec-22/S-729,2318.01,Sukhvinder,1257671.5,2025-09-14,2026
TAX-401-4513,22/U-730,1117.47,Sureesh,97867.71,2026-03-13,2026
TAX-401-1696,22/L-731,577.2,Sandip,169512.03,2026-04-20,2026
TAX-401-7916,S22/R-732,409.36,Amreek,17364.65,2025-10-22,2026
TAX-401-5837,S22/S-733,500.59,Harprith,179807.21,2026-09-21,2026
TAX-401-3157,Sec-22/S-734,889.33,Jagdeesh,33938.45,2026-07-12,2026
TAX-401-9684,S22/B-735,691.99,Sandip,15189.0,2025-08-26,2026
TAX-401-2744,,402.05,Baljit,11214.75,2026-06-03,2026
TAX-401-1072,22/E-737,65.51,Narindar,5247.03,2026-03-08,2026
TAX-401-7559,Sec-22/D-738,131.87,Jasvinder,14999.38,2026-09-05,2026
TAX-401-9822,,82.99,Narindar,0.0,2025-08-23,2026
TAX-401-7329,22/H-740,55.85,Sukhvinder,3670.85,2026-07-12,2026
TAX-401-6123,S22/B-741,34.25,Amaan,1328.31,2026-06-25,2026
TAX-401-7457,S22/M-742,22.74,Lakhweer,1943.68,2025-12-05,2026
TAX-401-7939,,101.27,Jasmine,96630.88,2025-08-27,2026
TAX-401-2262,S22/K-744,115.01,Rawinder,15603.71,2026-02-11,2026
TAX-401-6123,S22/J-745,13.63,Rawinder,857.07,2026-03-04,2026
TAX-401-3077,Sec-22/S-746,201.58,Gurmit,26050.21,2026-06-19,2026
TAX-401-1406,22/H-747,91.79,Vickram,12087.97,2025-08-30,2026
TAX-401-6549,Sec-22/E-748,170.37,Harlin,34289.58,2025-11-15,2026
TAX-401-2582,22/J-749,19.66,Jagtaar,1273.79,2026-01-12,2026
TAX-401-8950,S22/P-750,18.71,Raaj,3000.37,2025-10-13,2026
TAX-401-4357,Sec-22/M-751,50.31,Gurprith,0.0,2026-02-17,2026
TAX-401-1083,S22/U-752,91.75,Sureesh,29148.99,2026-08-23,2026
TAX-401-7690,S22/K-753,226.34,Karun,72484.79,2025-10-15,2026
TAX-401-2079,,93.03,Sukhvinder,73865.78,2026-08-07,2026
TAX-401-1318,Sec-22/U-755,44.95,Lakhweer,13350.13,2025-11-10,2026
TAX-401-2712,22/R-756,22.69,Jagdeesh,0.0,2026-07-31,2026
TAX-401-1411,Sec-22/K-757,144.24,Sandip,21606.02,2026-05-08,2026
TAX-401-5394,22/T-758,24.6,Amaan,2811.88,2026-08-15,2026
TAX-401-8427,Sec-22/N-759,197.18,Raaj,0.0,2025-11-19,2026
TAX-401-3765,22/K-760,46.34,Jagdeesh,4763.91,2026-01-28,2026
TAX-401-4278,Sec-22/V-761,183.79,Mandip,40876.79,2025-12-26,2026
TAX-401-4845,,92.11,Narindar,2197.75,2026-04-02,2026
TAX-401-7194,22/N-763,48.97,Jasvinder,39842.61,2025-11-18,2026
TAX-401-3095,Sec-22/K-764,37.36,Manjit,35821.44,2025-08-25,2026
TAX-401-2947,22/V-765,42.59,Daljit,3387.35,2026-04-18,2026
TAX-401-1163,22/R-766,76.2,Manjit,4745.52,2026-01-24,2026
TAX-401-2207,Sec-22/P-767,57.74,Sukhprith,7776.63,2026-01-27,2026
TAX-401-7275,22/T-768,34.11,Jagtaar,4278.86,2025-09-13,2026
TAX-401-5071,22/N-769,113.64,Manjit,68169.84,2026-07-31,2026
TAX-401-3628,22/J-770,234.94,Manjit,133566.19,2026-02-19,2026
TAX-401-8649,,132.17,Mohun,15354.07,2026-06-15,2026
TAX-401-3311,S22/U-772,109.12,Narindar,12981.1,2026-01-16,2026
TAX-401-3982,22/J-773,60.35,Satindar,8592.14,2025-10-11,2026
TAX-401-2172,Sec-22/W-774,41.8,Taranjit,2077.54,2026-06-20,2026
TAX-401-7964,Sec-22/L-775,173.52,Rawinder,79986.85,2025-12-08,2026
TAX-401-7153,22/T-776,191.67,Surindar,25587.71,2026-03-19,2026
TAX-401-9575,22/A-777,25.26,Narindar,2661.71,2026-05-14,2026
TAX-401-1730,22/E-778,326.16,Preeti,38766.05,2026-04-06,2026
TAX-401-6036,S22/J-779,148.65,Manjit,3457.19,2026-04-20,2026
TAX-401-3217,Sec-22/V-780,286.35,Satindar,0.0,2025-10-10,2026
TAX-401-2148,S22/F-781,34.17,Harjit,15472.72,2026-01-13,2026
TAX-401-9561,22/S-782,29.67,Harprith,24960.34,2025-10-12,2026
TAX-401-2997,Sec-22/P-783,79.86,Satindar,7798.85,2026-05-10,2026
TAX-401-9853,S22/W-784,141.89,Surindar,18147.6,2026-08-31,2026
TAX-401-6520,Sec-22/R-785,378.98,Sureesh,359988.16,2026-04-08,2026
TAX-401-6200,Sec-22/N-786,154.86,Daljit,0.0,2026-08-27,2026
TAX-401-2059,S22/D-787,73.46,Sureesh,2995.22,2026-08-25,2026
TAX-401-3266,Sec-22/S-788,39.62,Taranjit,0.0,2026-07-07,2026
TAX-401-4707,22/B-789,259.71,Lakhweer,12337.5,2026-05-10,2026
TAX-401-8869,Sec-22/A-790,40.61,Ashoke,13088.14,2026-06-16,2026
TAX-401-9892,22/A-791,334.22,Jagdeesh,13065.68,2026-04-11,2026
TAX-401-1101,S22/T-792,75.57,Manjit,5555.32,2026-08-09,2026
TAX-401-7737,22/U-793,329.04,Jasvinder,15446.91,2026-09-21,2026
TAX-401-8840,,168.8,Gurprith,12685.0,2025-10-14,2026
TAX-401-4457,22/N-795,83.31,Parkash,0.0,2026-05-09,2026
TAX-401-2669,Sec-22/B-796,62.5,Raajesh,6554.06,2025-08-20,2026
TAX-401-5436,Sec-22/L-797,70.55,Karun,9293.95,2026-05-30,2026
TAX-401-2882,S22/D-798,125.31,Amandip,10516.5,2026-02-21,2026
TAX-401-5171,S22/U-799,101.87,Sureesh,35676.4,2026-08-07,2026
TAX-401-1155,Sec-22/M-800,58.96,Satindar,47930.08,2025-09-25,2026
TAX-401-4175,S22/E-801,211.38,Amreek,0.0,2026-01-16,2026
TAX-401-1868,S22/S-802,394.17,Arjoon,27811.49,2026-05-14,2026
TAX-401-9015,22/S-803,250.86,Baljit,0.0,2026-07-02,2026
TAX-401-5749,S22/L-804,169.67,Baljit,5590.29,2025-11-25,2026
TAX-401-2291,22/A-805,105.22,Gurprith,11361.3,2025-12-18,2026
TAX-401-5163,S22/S-806,71.13,Parmjit,0.0,2026-07-03,2026
TAX-401-7708,22/Q-807,334.42,Sukhprith,299348.79,2025-09-24,2026
TAX-401-4998,S22/K-808,348.61,Dawinder,19254.5,2026-03-10,2026
TAX-401-5806,22/L-809,48.53,Jasmine,5749.54,2025-09-23,2026
TAX-401-8645,S22/G-810,609.71,Arjoon,370375.83,2026-03-05,2026
TAX-401-9429,Sec-22/A-811,283.72,Lakhweer,146349.69,2026-05-05,2026
TAX-401-4105,22/R-812,494.83,Balvindar,62876.43,2025-10-26,2026
TAX-401-6809,22/M-813,58.18,Manjit,0.0,2025-09-25,2026
TAX-401-9700,Sec-22/G-814,56.6,Lakhweer,3603.9,2025-10-13,2026
TAX-401-8354,,160.63,Ranjit,27767.06,2026-03-12,2026
TAX-401-7017,Sec-22/L-816,260.46,Jasvinder,30621.28,2026-07-12,2026
TAX-401-8335,S22/V-817,719.44,Narindar,75829.76,2025-09-26,2026
TAX-401-1688,,306.26,Sureesh,145350.59,2025-12-06,2026
TAX-401-8339,22/D-819,144.82,Manjit,10653.52,2025-11-21,2026
TAX-401-3287,S22/H-820,67.39,Ravnit,9955.32,2025-12-12,2026
TAX-401-6080,Sec-22/S-821,448.83,Raaj,51387.68,2025-09-03,2026
TAX-401-4984,,68.6,Gurmit,6999.37,2025-09-04,2026
TAX-401-7398,S22/E-823,644.04,Ashoke,69707.46,2026-09-07,2026
TAX-401-7085,Sec-22/J-824,141.88,Parkash,14190.57,2025-12-25,2026
TAX-401-6210,22/F-825,586.7,Manjit,16658.78,2025-09-03,2026
TAX-401-7963,22/K-826,291.86,Sureesh,37429.58,2026-08-06,2026
TAX-401-1132,S22/G-827,153.49,Amarjit,13634.07,2026-04-03,2026
TAX-401-8462,S22/G-828,108.0,Parkash,9603.02,2026-09-02,2026
TAX-401-5414,22/N-829,134.85,Raaj,6638.57,2026-08-28,2026
TAX-401-5169,22/H-830,308.45,Rajindar,13846.08,2026-02-11,2026
TAX-401-1835,22/R-831,179.04,Mandip,14971.98,2025-11-17,2026
TAX-401-9495,22/U-832,108.31,Vickram,14852.95,2026-05-25,2026
TAX-401-4942,22/B-833,177.51,Lakhweer,8468.62,2026-02-12,2026
TAX-401-5372,22/V-834,281.81,Sandip,34587.67,2026-08-17,2026
TAX-401-2687,Sec-22/M-835,180.5,Sukhvinder,24086.98,2026-06-20,2026
TAX-401-7841,,115.36,Baljit,7606.22,2026-01-17,2026
TAX-401-7111,,76.51,Jasvinder,2167.2,2025-09-24,2026
TAX-401-9325,22/T-838,45.57,Simren,6183.72,2025-10-29,2026
TAX-401-6971,22/R-839,231.54,Kuldip,28870.56,2025-08-30,2026
TAX-401-3823,Sec-22/G-840,252.53,Harjit,5258.93,2026-09-08,2026
TAX-401-6859,22/P-841,36.07,Mandip,1840.91,2025-12-16,2026
TAX-401-9846,,403.82,Karun,189369.49,2026-03-30,2026
TAX-401-5828,,182.44,Gurmit,0.0,2025-08-18,2026
TAX-401-1143,Sec-22/E-844,356.68,Jaslin,101708.03,2026-08-13,2026
TAX-401-3652,Sec-22/H-845,40.45,Arjoon,1964.45,2025-11-07,2026
TAX-401-9264,22/P-846,41.46,Jasvinder,4527.81,2026-07-18,2026
TAX-401-7905,Sec-22/P-847,102.2,Karun,12700.29,2025-10-07,2026
TAX-401-6682,22/W-848,168.58,Harjit,7618.9,2026-02-20,2026
TAX-401-2894,S22/P-849,486.67,Harsimren,372647.22,2026-02-06,2026
TAX-401-4221,Sec-22/S-850,205.15,Jaslin,11403.96,2025-10-19,2026
TAX-401-8388,S22/G-851,97.43,Satindar,13136.72,2026-01-05,2026
TAX-401-4983,,47.62,Ashoke,0.0,2026-01-06,2026
TAX-401-5517,Sec-22/E-853,317.48,Taranjit,0.0,2025-10-05,2026
TAX-401-4021,,63.89,Ranjit,4217.66,2026-08-26,2026
TAX-401-3026,Sec-22/W-855,424.53,Gurmit,48132.48,2026-01-10,2026
TAX-401-2404,Sec-22/P-856,77.74,Puja,5459.96,2026-09-18,2026
TAX-401-5559,Sec-22/K-857,419.39,Manjit,28131.11,2026-06-02,2026
TAX-401-2953,,200.36,Aneeta,20124.56,2026-01-08,2026
TAX-401-8876,22/D-859,107.21,Rawinder,3116.92,2025-08-18,2026
TAX-401-8128,Sec-22/C-860,77.68,Satindar,10580.2,2026-07-04,2026
TAX-401-3245,S22/K-861,77.48,Manjit,0.0,2026-06-27,2026
TAX-401-4207,22/W-862,193.68,Narindar,169893.11,2026-05-24,2026
TAX-401-3313,22/A-863,126.34,Manjit,45398.55,2026-04-01,2026
TAX-401-9627,S22/E-864,74.46,Taranjit,2849.8,2025-09-02,2026
TAX-401-4678,Sec-22/D-865,72.65,Baljit,46730.58,2025-12-21,2026
TAX-401-1861,Sec-22/U-866,142.28,Aneeta,34557.97,2026-06-22,2026
TAX-401-9600,,76.96,Amreek,9816.0,2026-06-16,2026
TAX-401-7963,22/U-868,50.94,Arjoon,21210.42,2026-08-20,2026
TAX-401-5913,S22/U-869,33.91,Gurdip,1237.27,2025-08-22,2026
TAX-401-2386,Sec-22/N-870,22.05,Raajesh,1129.2,2025-10-10,2026
TAX-401-7024,22/R-871,109.0,Dawinder,13178.87,2026-05-08,2026
TAX-401-7189,22/R-872,109.36,Surindar,14934.4,2026-06-29,2026
TAX-401-6710,S22/G-873,18.42,Jagdeesh,1780.48,2025-08-18,2026
TAX-401-2157,,199.42,Harsimren,29417.11,2025-08-25,2026
TAX-401-2758,S22/D-875,89.99,Balweer,0.0,2026-08-29,2026
TAX-401-3619,S22/H-876,175.02,Gurprith,7480.71,2026-01-17,2026
TAX-401-3488,22/L-877,18.26,Jasmine,1544.9,2025-10-12,2026
TAX-401-5627,S22/N-878,19.34,Mohun,1974.99,2026-08-10,2026
TAX-401-8647,Sec-22/U-879,48.23,Daljit,4304.36,2026-06-24,2026
TAX-401-7768,,73.85,Satindar,10488.84,2026-03-26,2026
TAX-401-9608,Sec-22/U-881,237.92,Mohun,34931.12,2026-02-05,2026
TAX-401-3442,22/R-882,99.63,Harprith,0.0,2025-11-14,2026
TAX-401-6897,,44.21,Amarjit,0.0,2026-04-26,2026
TAX-401-6588,22/D-884,25.97,Vickram,1616.7,2025-12-30,2026
TAX-401-4206,S22/R-885,161.1,Jagtaar,21565.58,2025-10-30,2026
TAX-401-3442,S22/D-886,34.93,Raajesh,3471.65,2026-08-02,2026
TAX-401-3606,,226.12,Raajesh,0.0,2026-04-08,2026
TAX-401-9754,22/K-888,56.24,Mohun,2979.58,2025-11-17,2026
TAX-401-8621,22/J-889,198.24,Daljit,20835.52,2025-10-31,2026
TAX-401-7397,Sec-22/Q-890,84.35,Mohun,8342.18,2026-01-21,2026
TAX-401-7928,S22/U-891,48.2,Jagdeesh,4505.9,2026-08-17,2026
TAX-401-4919,22/L-892,37.65,Parkash,4390.32,2025-11-11,2026
TAX-401-2667,Sec-22/J-893,49.05,Jasvinder,0.0,2026-02-05,2026
TAX-401-3858,22/C-894,81.57,Amreek,11300.68,2025-08-21,2026
TAX-401-4143,Sec-22/L-895,59.96,Sukhvinder,0.0,2026-04-22,2026
TAX-401-3061,22/W-896,35.46,Raajesh,936.66,2026-03-25,2026
TAX-401-5017,S22/G-897,379.28,Dawinder,24618.44,2026-05-08,2026
TAX-401-8336,S22/F-898,791.15,Raajesh,68550.38,2026-04-01,2026
TAX-401-7447,22/K-899,332.15,Baljit,0.0,2025-10-30,2026
TAX-401-8285,Sec-22/T-900,299.2,Gurmit,59174.93,2025-11-16,2026
TAX-401-3888,22/P-901,181.99,Harprith,6164.45,2026-04-03,2026
TAX-401-7037,Sec-22/T-902,112.99,Manjit,8534.07,2025-08-30,2026
TAX-401-8485,22/J-903,587.11,Raaj,13143.32,2026-02-02,2026
TAX-401-4122,Sec-22/J-904,657.56,Daljit,276324.71,2026-06-19,2026
TAX-401-4737,,117.69,Amaan,66034.67,2026-01-12,2026
TAX-401-5942,Sec-22/C-906,991.21,Gurmit,0.0,2026-06-26,2026
TAX-401-2881,S22/V-907,460.29,Simren,259403.2,2025-09-25,2026
TAX-401-5091,S22/P-908,956.55,Amreek,33657.72,2026-07-25,2026
TAX-401-7626,S22/H-909,107.25,Sandip,15409.97,2026-07-05,2026
TAX-401-1809,S22/G-910,109.53,Daljit,8665.88,2025-12-02,2026
TAX-401-9811,22/H-911,258.25,Surindar,11536.51,2026-02-06,2026
TAX-401-6562,S22/C-912,421.06,Lakhweer,407073.53,2025-08-22,2026
TAX-401-7254,22/B-913,1261.31,Satindar,159452.38,2026-01-12,2026
TAX-401-6859,S22/U-914,521.17,Lakhweer,0.0,2026-01-19,2026
TAX-401-2616,Sec-22/E-915,246.82,Ranjit,29532.88,2025-12-21,2026
TAX-401-8661,Sec-22/D-916,134.89,Vickram,36062.06,2026-08-25,2026
TAX-401-3059,S22/D-917,1061.27,Karun,944956.44,2025-09-25,2026
TAX-401-2954,,149.07,Sukhvinder,18231.5,2026-06-17,2026
TAX-401-8283,S22/P-919,1084.49,Amaan,38441.4,2026-08-01,2026
TAX-401-4446,,249.38,Manjit,115143.18,2026-07-11,2026
TAX-401-8903,Sec-22/L-921,1087.34,Rawinder,838881.54,2026-06-17,2026
TAX-401-9317,,503.2,Sandip,0.0,2026-07-17,2026
TAX-401-2156,22/S-923,264.1,Sukhvinder,86088.83,2026-02-10,2026
TAX-401-5801,S22/D-924,193.94,Vickram,31170.8,2026-08-03,2026
TAX-401-5853,Sec-22/E-925,229.59,Jasvinder,8450.33,2026-03-21,2026
TAX-401-8684,Sec-22/P-926,411.15,Amandip,171453.09,2026-08-07,2026
TAX-401-4788,,328.11,Kuldip,21548.7,2026-07-09,2026
TAX-401-7812,22/P-928,186.44,Vickram,6173.73,2026-03-11,2026
TAX-401-1553,S22/L-929,983.56,Preeti,58791.5,2025-10-04,2026
TAX-401-4566,S22/H-930,1817.76,Balweer,122428.42,2025-10-22,2026
TAX-401-1023,S22/V-931,1144.92,Jaslin,0.0,2026-07-19,2026
TAX-401-3645,,784.76,Mohun,184545.25,2025-10-05,2026
TAX-401-9180,Sec-22/R-933,494.63,Daljit,75030.26,2025-10-19,2026
TAX-401-7415,S22/C-934,297.04,Ranjit,27597.06,2025-10-16,2026
TAX-401-9035,22/N-935,1495.46,Amaan,710444.16,2025-10-21,2026
TAX-401-4788,S22/T-936,1574.93,Mohun,55222.32,2026-01-28,2026
TAX-401-2626,S22/H-937,247.15,Gurmit,166947.27,2026-05-04,2026
TAX-401-8475,22/P-938,2679.31,Rawinder,357027.97,2026-03-17,2026
TAX-401-7360,22/L-939,1203.13,Harsimren,903845.01,2026-04-30,2026
TAX-401-2478,Sec-22/U-940,2334.47,Ranjit,148166.11,2026-08-15,2026
TAX-401-6332,Sec-22/D-941,254.41,Amandip,14201.47,2026-02-02,2026
TAX-401-8226,22/T-942,267.72,Raaj,30549.04,2026-01-24,2026
TAX-401-1572,22/Q-943,684.03,Sandip,15187.15,2026-06-28,2026
TAX-401-8732,22/A-944,1166.24,Balvindar,107354.78,2025-10-14,2026
TAX-401-6520,,3187.97,Surindar,371853.52,2026-08-16,2026
TAX-401-7478,22/Q-946,1320.77,Baljit,1028484.34,2026-03-12,2026
TAX-401-1092,Sec-22/S-947,640.9,Parkash,69533.52,2025-10-14,2026
TAX-401-1571,22/C-948,297.58,Dawinder,25080.55,2026-08-23,2026
TAX-401-7601,22/C-949,2053.0,Daljit,1581852.92,2026-01-21,2026
TAX-401-6285,Sec-22/L-950,350.51,Balweer,28897.35,2025-11-14,2026
TAX-401-8512,S22/A-951,2756.57,Mandip,0.0,2026-08-27,2026
TAX-401-9887,Sec-22/M-952,613.44,Parmjit,63893.9,2026-02-11,2026
TAX-401-3682,Sec-22/M-953,3566.63,Taranjit,294332.77,2026-04-07,2026
TAX-401-5218,S22/L-954,1304.29,Ranee,125176.78,2026-06-20,2026
TAX-401-4258,22/L-955,684.79,Jasvinder,82600.24,2026-06-18,2026
TAX-401-7335,S22/W-956,497.73,Parkash,37083.57,2026-06-30,2026
TAX-401-2078,22/T-957,592.38,Gurmit,21514.25,2026-01-19,2026
TAX-401-5717,22/R-958,895.24,Jagdeesh,57040.44,2026-07-20,2026
TAX-401-7142,22/J-959,815.89,Taranjit,282989.08,2025-10-05,2026
TAX-401-8293,Sec-22/U-960,474.64,Surindar,25829.71,2025-11-26,2026
TAX-401-7851,22/E-961,182.65,Nilam,140918.99,2025-10-12,2026
TAX-401-9823,22/T-962,340.35,Lakhweer,91216.9,2026-05-22,2026
TAX-401-4756,Sec-22/J-963,208.47,Amreek,123617.91,2025-12-18,2026
TAX-401-6408,Sec-22/U-964,140.69,Sandip,8158.71,2026-01-12,2026
TAX-401-1469,S22/H-965,88.27,Jasmine,38816.13,2025-12-25,2026
TAX-401-1488,Sec-22/J-966,62.49,Baljit,3798.72,2025-12-02,2026
TAX-401-3266,S22/M-967,279.08,Mohun,34857.15,2025-10-03,2026
TAX-401-9064,Sec-22/S-968,296.97,Manjit,89110.69,2026-05-17,2026
TAX-401-4983,S22/A-969,36.72,Parmjit,32859.16,2026-07-25,2026
TAX-401-6675,Sec-22/N-970,514.79,Sukhvinder,451483.46,2025-12-24,2026
TAX-401-3586,Sec-22/F-971,161.27,Amreek,28519.34,2026-02-05,2026
TAX-401-1286,22/Q-972,438.5,Sureesh,317746.51,2026-06-17,2026
TAX-401-4522,,50.93,Vickram,5833.37,2026-01-03,2026
TAX-401-9861,22/A-974,50.93,Jasvinder,4783.11,2026-06-06,2026
TAX-401-9814,22/C-975,125.55,Sureesh,16356.18,2026-03-16,2026
TAX-401-9815,Sec-22/H-976,229.9,Manjit,24130.39,2026-07-12,2026
TAX-401-3883,Sec-22/H-977,578.35,Rawinder,35303.57,2026-03-23,2026
TAX-401-8869,S22/V-978,259.63,Jasvinder,111409.75,2026-07-04,2026
TAX-401-5277,Sec-22/E-979,119.58,Raaj,10217.34,2026-07-01,2026
TAX-401-9727,Sec-22/B-980,58.07,Raajesh,5200.11,2025-10-19,2026
TAX-401-1460,Sec-22/V-981,382.13,Sureesh,12340.15,2026-02-27,2026
TAX-401-7037,,61.09,Sandip,38601.7,2025-09-25,2026
TAX-401-6689,22/T-983,536.22,Harjit,70758.8,2025-09-06,2026
TAX-401-4154,22/N-984,126.49,Gurprith,2814.49,2025-09-10,2026
TAX-401-6071,S22/K-985,503.72,Jagdeesh,15780.14,2026-05-17,2026
TAX-401-7621,,246.87,Harprith,85171.49,2025-11-23,2026
TAX-401-5975,22/N-987,130.51,Manjit,13954.94,2026-03-16,2026
TAX-401-9210,S22/J-988,96.16,Ranjit,7875.92,2025-12-10,2026
TAX-401-5128,,105.26,Arjoon,10013.68,2026-03-02,2026
TAX-401-3779,S22/M-990,208.97,Surindar,7926.25,2025-08-21,2026
TAX-401-6267,22/S-991,148.6,Taranjit,7193.78,2026-03-30,2026
TAX-401-7541,S22/H-992,117.25,Amreek,3728.21,2026-06-15,2026
TAX-401-4681,22/N-993,73.44,Mohun,5293.21,2026-09-21,2026
TAX-401-1710,22/U-994,143.16,Gurdip,8562.55,2026-06-14,2026
TAX-401-1724,22/A-995,88.63,Narindar,4483.37,2026-03-19,2026
TAX-401-8709,22/W-996,59.5,Ravnit,2269.86,2025-11-10,2026
TAX-401-5621,22/V-997,38.7,Jagtaar,3152.33,2026-06-14,2026
TAX-401-5482,22/R-998,28.59,Gurprith,4048.22,2026-01-20,2026
TAX-401-9057,S22/J-999,114.67,Gurprith,9176.71,2026-06-10,2026
TAX-401-4288,22/C-1000,122.35,Dawinder,75684.19,2025-09-22,2026
TAX-401-3792,22/E-1001,17.78,Vickram,7171.78,2026-02-26,2026
TAX-401-4277,22/C-1002,219.41,Lakhweer,7380.91,2025-08-24,2026
TAX-401-2128,S22/C-1003,89.87,Vickram,13107.06,2025-08-20,2026
TAX-401-7897,Sec-22/D-1004,188.94,Sureesh,20381.28,2026-04-18,2026
TAX-401-2164,22/M-1005,21.11,Baljit,13360.94,2025-12-20,2026
TAX-401-3250,22/L-1006,20.82,Raajesh,2575.53,2026-03-08,2026
TAX-401-4734,22/M-1007,53.83,Gurmit,6329.87,2026-03-26,2026
TAX-401-8615,S22/L-1008,97.27,Karun,0.0,2025-11-03,2026
TAX-401-6922,,239.86,Mohun,11957.94,2026-01-16,2026
TAX-401-4628,,496.06,Ekantika Prabhu,5740.02,2026-08-28,2026
TAX-401-4127,,356.09,Lohit Mannan,4147.41,2026-05-07,2026
TAX-401-2536,,355.63,Kamya Venkataraman,7599.75,2026-07-24,2026
TAX-401-7931,,230.95,Urmi Shere,8792.07,2026-04-15,2026
TAX-401-1294,,276.21,Ganga Deshmukh,9422.36,2025-12-25,2026
TAX-401-9119,,475.55,Urvi Anne,5390.02,2026-09-18,2026
TAX-401-8611,,167.94,Omaja Gola,2998.45,2026-05-31,2026
TAX-401-4680,,268.69,Upma Bhavsar,5478.39,2026-07-23,2026
TAX-401-6742,,360.01,Devika Guha,5775.02,2026-07-09,2026
TAX-401-7613,,411.34,Girindra Yogi,6003.54,2026-01-23,2026
TAX-401-1102,,344.05,Ganga Chandra,908.32,2026-02-08,2026
TAX-401-4164,,406.47,Upadhriti Dugar,3789.9,2026-03-28,2026
TAX-401-5894,,175.94,Inaya Kara,4459.58,2026-02-19,2026
TAX-401-7500,,79.01,Akshay Hans,8361.82,2026-04-19,2026
TAX-401-6669,,316.31,Bhavani Sandhu,926.21,2026-07-15,2026
TAX-401-3418,,344.45,Jhalak Rau,9456.15,2026-01-20,2026
TAX-401-4467,,263.9,Samaksh Brahmbhatt,5680.95,2026-02-07,2026
TAX-401-8415,,87.97,Harshil Kalita,5413.44,2026-08-15,2026
TAX-401-6909,,256.14,Pranav Lall,4081.94,2026-05-14,2026
TAX-401-8521,,384.16,Jonathan Vig,3095.79,2026-03-18,2026
