doc_number,survey_number,registration_date,area_sqft,seller,buyer,sale_value
SRO/CH/77043,Sec-22/R-1,21/05/2024,4994.13,Anjali Dube,Jagdish,109531108.93
SRO/CH/15895,Sec-22/S-2,12/07/2022,9761.24,Ishita Gokhale,Sukhvinder,67355439.94
SRO/CH/33591,22/B-3,31/08/2025,5895.39,Bakhshi Walia,Amreek,127562496.47
SRO/CH/66359,Sec-22/G-4,24/12/2024,4065.31,Riya Batta,Gurpreet,180078439.63
SRO/CH/48079,S22/H-5,05/10/2025,2582.47,Madhavi Morar,Rajesh,31592845.36
SRO/CH/57568,22/V-6,14/01/2025,1671.2,Charles Agrawal,Paramjeet,52581107.38
SRO/CH/94122,22/U-7,12/05/2026,7888.65,Krishna Jaggi,Ashoke,58628349.94
SRO/CH/34824,S22/T-8,10/06/2023,8385.4,Kavya Khare,Satinder,160390222.3
SRO/CH/51819,22/N-9,21/09/2025,1406.73,Gavin Babu,Jaswinder,79227136.3
SRO/CH/84544,S22/H-10,14/08/2024,14208.13,Ayaan Atwal,Narinder,755811579.38
SRO/CH/78816,S22/J-11,09/02/2026,6312.49,Rehaan Bhatnagar,Ashok,38605104.73
SRO/CH/58164,22/U-12,05/08/2025,12312.72,Gopal Ganesh,Manpreet,187149503.61
SRO/CH/86170,S22/G-13,10/07/2025,1400.49,Chaitanya Sagar,Daljit,29880175.97
SRO/CH/51605,S22/N-14,09/05/2024,1378.53,Eta Naidu,Gurmit,41957227.64
SRO/CH/51766,Sec-22/H-15,06/08/2023,3671.46,Sarthak Rana,Ranjeet,76185944.73
SRO/CH/46568,22/J-16,14/05/2025,5788.39,Jai Kata,Harsimran,80137213.45
SRO/CH/73741,Sec-22/K-17,02/02/2026,17072.73,Hitesh Parikh,Ashok,533970874.44
SRO/CH/58080,Sec-22/V-18,04/12/2023,7106.0,Oscar Aurora,Jasleen,487165706.33
SRO/CH/11100,S22/U-19,17/09/2022,3372.01,Diya Arora,Davinder,83590868.11
SRO/CH/60703,S22/E-20,18/06/2026,1657.75,Simon Shanker,Daljeet,31058934.29
SRO/CH/42785,22/G-21,13/01/2026,10922.78,Dominic Mallick,Jagtar,110204993.32
SRO/CH/87326,S22/U-22,03/01/2024,1787.24,Caleb Bhavsar,Harjeet,27075836.79
SRO/CH/85027,Sec-22/R-23,23/11/2024,14790.46,Nirja Mitra,Narindar,657136069.43
SRO/CH/10028,Sec-22/A-24,02/12/2024,3326.48,Harsh Yadav,Sukhwinder,741129535.32
SRO/CH/61957,S22/E-25,18/01/2026,14350.32,Zayan Chandran,Jaswinder,640714546.79
SRO/CH/86111,Sec-22/P-26,13/11/2021,6879.53,Lipika Deol,Mandeep,80848048.15
SRO/CH/12684,Sec-22/N-27,06/02/2026,3614.41,Parth Nadkarni,Mohun,101624478.89
SRO/CH/41207,22/G-28,22/10/2024,2749.42,Ekansh Nayak,Balwinder,130359201.05
SRO/CH/67837,S22/F-29,04/11/2024,3148.87,Saumya Raja,Ranjeet,21944242.47
SRO/CH/84685,S22/Q-30,06/05/2026,5722.41,Yahvi Arya,Mohun,67128040.99
SRO/CH/41810,S22/S-31,18/02/2025,4296.63,Ansh Dash,Sandeep,79518719.46
SRO/CH/32283,22/P-32,10/10/2024,2517.78,Warjas Sangha,Anita,29891285.85
SRO/CH/99999,22/F-33,26/11/2021,288.04,Fariq Bhasin,Davinder,5815445.14
SRO/CH/37786,22/J-34,15/07/2026,633.89,Kavya Tara,Lakhveer,13646357.96
SRO/CH/12198,22/A-35,04/06/2025,291.49,Saksham Doshi,Ashok,30467784.91
SRO/CH/26669,Sec-22/D-36,02/03/2022,183.42,Samarth Barad,Surjeet,2720121.0
SRO/CH/69155,22/D-37,26/02/2022,135.63,Sachi Narasimhan,Ashoke,14505989.0
SRO/CH/82617,22/D-37,06/04/2022,135.63,Ashoke,Arunima Nadkarni,19661804.42
SRO/CH/27318,Sec-22/F-39,17/10/2021,330.13,Oeshi Mani,Rajesh,7150971.34
SRO/CH/80148,S22/V-40,03/09/2024,176.21,Veer Narula,Jagtaar,1549529.05
SRO/CH/99700,Sec-22/D-42,17/03/2022,541.75,Xavier Jha,Ashok,10530859.4
SRO/CH/66004,S22/W-43,25/09/2025,251.44,Yuvraj Kapadia,Aman,34533485.25
SRO/CH/96044,Sec-22/A-44,16/08/2023,569.52,Ekanta Goswami,Lakhveer,9583621.03
SRO/CH/62783,22/W-47,23/02/2026,203.44,Abeer Bhattacharyya,Jagdish,2841543.91
SRO/CH/88817,S22/C-48,02/09/2025,326.47,Ekaraj Hans,Amrik,9111389.8
SRO/CH/57134,S22/W-49,06/07/2023,967.46,Lohit Jayaraman,Karan,8541965.03
SRO/CH/15572,S22/N-50,11/05/2025,439.6,Gavin Ghose,Balveer,9223297.0
SRO/CH/96906,22/U-51,23/05/2023,207.64,Warinder Tripathi,Mohan,1771848.91
SRO/CH/81773,22/U-51,02/06/2023,207.64,Mohan,Pooja Sibal,2148625.66
SRO/CH/87895,S22/P-53,21/04/2023,477.06,Nitesh Hora,Raj,10730957.62
SRO/CH/58718,S22/C-55,11/07/2024,598.04,Panini Goda,Jagtar,6390276.58
SRO/CH/78096,22/C-56,05/06/2026,123.89,Chavvi Mangal,Lakhveer,1409996.24
SRO/CH/68845,Sec-22/B-57,08/08/2023,597.4,Saksham Magar,Mandeep,13840240.7
SRO/CH/19714,22/N-58,16/12/2021,313.66,Fariq Parsa,Daljit,6856314.25
SRO/CH/60405,Sec-22/A-62,20/10/2023,145.42,Krishna Ganesh,Raj,9724226.93
SRO/CH/51478,Sec-22/V-63,15/06/2024,151.13,Ridhi Sami,Satinder,2628184.18
SRO/CH/80382,22/F-64,17/02/2025,117.22,Nachiket Subramaniam,Aman,678372.14
SRO/CH/34137,Sec-22/M-65,18/01/2025,4396.62,Lakshmi Sane,Jagdish,465591578.44
SRO/CH/56989,Sec-22/J-66,09/06/2026,8399.18,Charita Yogi,Suresh,97623057.42
SRO/CH/16887,22/R-67,05/02/2026,5247.72,Parth Kurian,Jasvinder,116258384.62
SRO/CH/86682,Sec-22/F-68,06/05/2022,3697.51,Ubika Mohan,Sukhpreet,382590777.65
SRO/CH/59170,22/A-69,05/01/2022,2251.38,Bhanumati Prashad,Surindar,17218424.56
SRO/CH/98380,22/B-70,28/11/2023,1532.03,Ekbal Nath,Ravinder,25245592.88
SRO/CH/52648,S22/D-71,08/06/2026,7075.54,Upasna Hayre,Kamaljeet,98670654.79
SRO/CH/34075,S22/B-72,26/08/2026,7626.12,Ranveer Agrawal,Jaswinder,55943507.44
SRO/CH/58432,S22/J-73,18/07/2024,760.04,Xiti Prasad,Kuldeep,15671998.25
SRO/CH/11020,S22/N-74,27/03/2026,13408.59,Nidhi Sagar,Taranjeet,101255728.26
SRO/CH/98282,S22/D-75,17/04/2022,5409.4,Kashvi Rajagopalan,Narinder,426802408.5
SRO/CH/71241,22/P-76,02/09/2022,11211.46,Darika Bobal,Jaswinder,309578182.41
SRO/CH/67913,S22/C-77,27/05/2024,1238.28,Balvan Dash,Amrik,12999445.19
SRO/CH/46447,Sec-22/L-78,11/07/2025,1185.54,Nicholas Hari,Taranjit,22066210.09
SRO/CH/58239,S22/W-79,11/07/2024,3362.75,Aadhya Pall,Mandeep,33878230.15
SRO/CH/39875,22/V-80,04/11/2025,5111.99,Jyoti Bhardwaj,Jasvinder,54058150.35
SRO/CH/27990,S22/U-81,19/08/2023,15196.47,Panini Koshy,Satinder,387683379.36
SRO/CH/25228,22/S-82,08/03/2023,6140.59,Vanya Banerjee,Karan,307649601.42
SRO/CH/75290,22/P-83,18/11/2023,2984.51,Ayaan Divan,Vikram,77725255.21
SRO/CH/27983,S22/J-84,27/04/2022,1725.99,Tamanna Din,Gurpreet,37141338.87
SRO/CH/71073,22/H-85,06/03/2024,9465.02,Yug Edwin,Davinder,985508321.99
SRO/CH/43813,22/R-86,10/04/2025,1644.19,Jackson Chanda,Rawinder,33866799.85
SRO/CH/32759,22/U-87,11/02/2025,13250.36,Mitali Buch,Vikram,1227691619.72
SRO/CH/63571,22/U-87,12/04/2025,13250.36,Vikram,Pallavi Gandhi,1457086807.87
SRO/CH/95094,S22/E-88,10/06/2023,3045.86,Zayyan Mittal,Preet,34171928.04
SRO/CH/11913,S22/E-88,20/07/2023,3045.86,Preet,Darika Sabharwal,45555494.62
SRO/CH/97031,S22/L-89,17/05/2025,12702.8,Ikbal Padmanabhan,Harjeet,199844943.21
SRO/CH/83333,22/D-90,13/06/2023,6179.77,Amruta Kadakia,Amrik,465678215.58
SRO/CH/27586,S22/Q-91,30/11/2023,3349.83,Darika Ahuja,Manjeet,67786485.26
SRO/CH/13795,Sec-22/M-92,10/12/2025,2424.89,Vyanjana Agarwal,Davinder,87205754.54
SRO/CH/41421,S22/Q-93,23/01/2025,2912.5,Ekaraj Sahni,Suresh,277697538.58
SRO/CH/13501,S22/B-94,21/10/2025,5104.35,Bhavya Sankar,Taranjit,231368052.6
SRO/CH/82514,Sec-22/D-95,27/08/2026,3945.18,Patrick Prasad,Taranjeet,77437652.01
SRO/CH/31126,22/S-96,16/08/2022,2254.39,Krish Hora,Harjeet,187141841.49
SRO/CH/37119,22/G-97,02/07/2022,2153.43,Qabil Thakkar,Jagtar,41113086.01
SRO/CH/16857,22/V-98,03/04/2025,4254.75,Shravya Kala,Jagtaar,46916070.57
SRO/CH/39962,Sec-22/B-99,29/08/2022,2532.96,Sai Bhargava,Ranjeet,44580055.36
SRO/CH/43634,22/K-100,26/10/2024,1789.61,Rehaan Lad,Neelam,27749212.21
SRO/CH/67917,S22/W-101,27/06/2023,1060.35,Ridhi Chopra,Harjeet,36312784.34
SRO/CH/22838,S22/N-102,05/06/2024,681.03,Fariq Memon,Simran,6135275.1
SRO/CH/61334,22/G-103,17/01/2023,3325.94,Krishna Dash,Sukhwinder,201313245.29
SRO/CH/90486,22/S-104,19/05/2024,3701.38,Devansh Oommen,Raj,34829429.12
SRO/CH/85310,22/D-105,10/02/2024,346.49,Wahab Sridhar,Gurpreet,9769660.61
SRO/CH/44031,22/S-106,16/04/2024,6172.77,Harrison Andra,Sukhvinder,71190502.61
SRO/CH/18942,S22/B-107,31/10/2021,2655.99,Amaira Amble,Suresh,40394396.49
SRO/CH/58554,S22/C-108,17/08/2023,5369.46,Gunbir Kakar,Vikram,55435688.77
SRO/CH/19266,S22/W-109,07/06/2023,615.8,Keya Venkatesh,Satinder,48970524.17
SRO/CH/19045,22/R-110,19/04/2022,598.9,Vedika Solanki,Sukhwinder,4545035.96
SRO/CH/59213,Sec-22/G-111,02/10/2021,1528.37,Pushti Nayar,Sandeep,29583331.54
SRO/CH/84552,Sec-22/B-112,18/09/2022,2525.32,Hemal Murty,Surindar,28232759.8
SRO/CH/40681,Sec-22/Q-113,20/08/2023,7200.94,Jalsa Rastogi,Simran,59936481.3
SRO/CH/15944,22/R-114,21/03/2022,3004.53,Dakshesh Parekh,Preet,93290028.03
SRO/CH/91936,S22/R-115,28/12/2025,1471.53,Harish Aggarwal,Davinder,113549096.51
SRO/CH/88575,Sec-22/E-116,10/02/2025,745.62,Neelima Dewan,Jasleen,11546138.39
SRO/CH/79562,S22/V-117,12/02/2026,4619.0,Jason Wali,Harlin,38924147.48
SRO/CH/41437,22/Q-118,09/06/2024,757.46,Yuvraj Pillay,Narinder,49269701.28
SRO/CH/33218,Sec-22/A-119,14/03/2025,6459.31,Vaishnavi Varma,Manjit,386341118.73
SRO/CH/55491,Sec-22/V-120,23/02/2024,1459.91,Raghav Aggarwal,Amrik,31720326.79
SRO/CH/43620,22/K-121,12/10/2022,5960.19,Anay Parsa,Satinder,497720340.31
SRO/CH/55125,S22/B-122,21/10/2024,3006.9,Eshana Sawhney,Rajesh,114456405.9
SRO/CH/26521,S22/G-123,20/06/2023,1618.03,Vedhika Ratta,Raj,10244347.05
SRO/CH/58875,S22/S-124,23/01/2025,1150.45,Ijaya Sangha,Parmjit,23013370.13
SRO/CH/38176,22/S-125,08/09/2022,1347.64,Harish Rajan,Neelam,30863314.92
SRO/CH/71301,22/P-126,23/01/2022,2397.87,Robert Dhar,Aman,36202780.73
SRO/CH/70350,22/E-127,15/11/2023,1911.02,Joshua Tank,Daljeet,17196724.96
SRO/CH/58745,Sec-22/N-128,05/07/2022,1081.13,Charvi Sibal,Aman,76688540.93
SRO/CH/94855,S22/N-129,19/01/2026,611.17,Sanaya D’Alia,Balveer,11934201.06
SRO/CH/87703,Sec-22/G-130,11/09/2022,1192.75,Wridesh Kohli,Harpreet,25611872.91
SRO/CH/58721,S22/K-131,08/02/2022,735.93,Onkar Chakraborty,Satinder,119570520.54
SRO/CH/18932,S22/H-132,13/03/2025,525.49,Radhika Balakrishnan,Ashok,5717148.4
SRO/CH/85099,Sec-22/C-133,09/02/2022,333.36,Eta Rajagopal,Aman,6868314.45
SRO/CH/81833,22/J-134,28/09/2022,218.51,Thomas Kurian,Gurmeet,3758180.67
SRO/CH/39055,Sec-22/T-135,30/09/2024,973.16,Jatin Deshpande,Jaswinder,15592198.92
SRO/CH/93666,S22/T-136,24/02/2026,1027.52,Gautam Natarajan,Manjeet,8458929.71
SRO/CH/67357,Sec-22/W-137,31/08/2024,144.88,Dhruv Oza,Ranjeet,1415280.02
SRO/CH/55771,Sec-22/N-138,29/12/2023,1733.31,Lakshmi Sarkar,Sukhwinder,60718027.8
SRO/CH/43630,Sec-22/M-139,30/11/2022,830.43,Udant Lad,Jagtar,14164204.75
SRO/CH/49156,S22/S-140,24/03/2024,1588.0,Bina Chahal,Prakash,25481937.79
SRO/CH/14815,Sec-22/F-141,07/11/2024,176.31,Gaurav Oak,Prakash,16907309.33
SRO/CH/73853,Sec-22/T-142,22/06/2023,180.3,Jack Pillai,Raaj,19231525.05
SRO/CH/68508,Sec-22/T-143,06/07/2026,443.04,Dhriti Rai,Mohun,10225960.3
SRO/CH/28341,22/D-144,27/01/2025,775.97,Deepa Bhatia,Ashok,18222371.86
SRO/CH/93849,22/U-145,06/12/2025,2029.86,Lipika Sampath,Mandip,25870912.3
SRO/CH/65057,22/S-146,27/12/2024,876.18,Janya Date,Balveer,9920895.91
SRO/CH/16123,Sec-22/W-147,28/04/2023,425.17,Hredhaan Rana,Kuldeep,4901679.24
SRO/CH/30204,Sec-22/A-148,19/01/2023,200.21,Triveni Mutti,Harjeet,9995539.59
SRO/CH/63724,22/V-149,18/01/2023,1340.86,Chaman Kanda,Raj,11839985.14
SRO/CH/80346,Sec-22/N-150,05/08/2026,221.52,Tamanna Din,Raajesh,2266837.95
SRO/CH/85952,22/E-151,15/04/2024,1863.12,Madhav Banerjee,Daljeet,22450471.15
SRO/CH/16997,22/E-151,01/05/2024,1863.12,Daljeet,Dayamai Thakkar,26123675.25
SRO/CH/10750,22/L-152,24/10/2022,419.9,Anusha Sridhar,Davinder,6103721.05
SRO/CH/96617,S22/N-153,16/08/2022,1802.85,Warda Manne,Lakhveer,77887521.14
SRO/CH/59092,22/C-154,27/08/2022,887.59,Daniel Nath,Ravinder,9931728.87
SRO/CH/45285,S22/G-155,10/10/2023,471.46,Shivansh Kar,Karan,3331951.37
SRO/CH/46544,S22/W-156,13/09/2024,335.19,Praneel Sura,Rawinder,5403197.57
SRO/CH/10077,22/Q-157,21/11/2021,390.94,Chandani Dutta,Prakash,6090130.87
SRO/CH/28684,S22/P-158,26/07/2022,723.12,Manya Nazareth,Daljeet,11385851.88
SRO/CH/54765,S22/M-159,09/05/2026,554.88,Urvashi Pall,Gurmit,11661791.37
SRO/CH/77669,Sec-22/J-160,31/07/2025,327.65,Mahika Bora,Raj,8702102.58
SRO/CH/67096,22/L-161,12/05/2023,746.37,Barkha Hayer,Taranjeet,20737322.95
SRO/CH/36281,S22/A-162,27/09/2024,1419.11,Gunbir Deep,Rajinder,124130072.27
SRO/CH/95308,S22/J-163,03/05/2023,714.62,Chatura Modi,Amrik,13246112.07
SRO/CH/13676,S22/M-164,20/05/2025,478.46,Nihal Devan,Jagdish,21170872.77
SRO/CH/18125,Sec-22/N-165,30/03/2024,323.56,Vasudha Manne,Vickram,6089166.27
SRO/CH/43950,22/M-166,22/08/2022,228.41,Shaurya Kamdar,Suresh,21658564.72
SRO/CH/98823,22/M-166,06/09/2022,228.41,Suresh,Aditya Pathak,29629044.28
SRO/CH/57269,22/M-167,04/01/2025,1112.34,Manbir Puri,Jaswinder,12632681.74
SRO/CH/78703,22/H-168,15/07/2025,1233.44,Om Bhalla,Ranjeet,87933199.37
SRO/CH/21427,Sec-22/D-169,01/04/2025,224.43,Ishani Som,Surinder,35868194.83
SRO/CH/66078,S22/U-170,31/07/2026,2426.94,Charles Dalal,Taranjeet,127588987.38
SRO/CH/94276,Sec-22/R-171,24/03/2024,1103.95,Radha Dixit,Aman,9652552.27
SRO/CH/12969,Sec-22/Q-172,18/04/2024,1875.82,Yash Bandi,Balweer,32275441.77
SRO/CH/69164,22/S-173,29/12/2024,191.17,Wridesh Ranganathan,Ravinder,6593580.12
SRO/CH/91382,S22/B-174,25/08/2024,205.7,Chasmum Gera,Satinder,4310899.09
SRO/CH/96913,22/Q-175,12/08/2024,506.12,Gaurav Sheth,Surinder,116372997.9
SRO/CH/52569,S22/G-176,28/09/2023,847.44,Anvi Saxena,Aman,11178043.17
SRO/CH/17269,S22/F-177,06/11/2021,2372.69,Advay Dar,Gurpreet,32946483.4
SRO/CH/28287,Sec-22/L-178,15/07/2024,1041.51,Fitan Dara,Ranjeet,22558097.11
SRO/CH/99515,22/S-179,04/08/2022,488.68,Yashodhara Kar,Jaswinder,2963456.54
SRO/CH/64669,Sec-22/D-180,12/12/2023,227.23,Varsha Mahal,Mandeep,2195206.06
SRO/CH/14747,S22/V-181,23/04/2023,1576.37,Pratyush Rajagopalan,Davinder,74631986.52
SRO/CH/86842,22/W-182,17/04/2022,331.85,Radha Misra,Navjot,5935267.66
SRO/CH/29216,22/V-183,10/09/2025,2389.59,Hardik Nanda,Ravneet,35138064.57
SRO/CH/75344,22/G-184,25/04/2022,560.05,Qasim Ravi,Ashok,10131319.08
SRO/CH/74323,S22/T-185,14/04/2024,2158.27,Meera Yadav,Manpreet,195300727.79
SRO/CH/95685,Sec-22/L-186,22/10/2021,901.05,Devansh Venkataraman,Navjot,13665668.86
SRO/CH/40838,Sec-22/T-187,07/09/2023,486.64,Sarthak Dalal,Raj,9433584.33
SRO/CH/12035,22/W-188,18/04/2022,390.73,Pranit Ahluwalia,Mandeep,6675258.56
SRO/CH/18848,22/A-189,24/04/2023,453.38,Dipta Das,Jaswinder,2986900.78
SRO/CH/85281,Sec-22/E-190,19/08/2026,816.87,Kabir Jhaveri,Gunbir Murugan,9308942.97
SRO/CH/92154,Sec-22/Q-191,13/08/2026,578.67,Gagan Kunda,Jagrati Murugan,33972063.39
SRO/CH/70124,22/V-192,26/08/2026,319.69,Frado Dash,Hemangini Murugan,10196862.17
SRO/CH/33134,S22/D-193,20/08/2026,5964.17,Januja Garg,Aishani Murugan,40610128.28
SRO/CH/19958,22/N-194,02/09/2026,12100.78,Aadi Kothari,Caleb Murugan,204405417.37
SRO/CH/60886,S22/T-195,30/08/2026,7249.92,Chakradhar Venkataraman,Tripti Murugan,186248756.74
SRO/CH/98346,S22/K-196,28/08/2026,5126.95,Sai Dey,Jeet Murugan,133134529.91
SRO/CH/71147,Sec-22/G-197,17/09/2026,3186.33,Dhriti Virk,Kritika Murugan,63458192.13
SRO/CH/33393,22/D-198,15/12/2022,2296.8,Yashvi Kadakia,Gurmeet,49450853.41
SRO/CH/97442,22/J-199,26/04/2024,9420.24,Chaitanya Khalsa,Ranjeet,200464532.5
SRO/CH/46647,22/G-200,25/07/2026,10237.44,Raghav Dhar,Baljit,414631330.82
SRO/CH/21983,22/H-201,29/01/2023,1439.24,Tanveer Desai,Mohan,9632324.94
SRO/CH/94189,Sec-22/V-202,25/09/2022,16996.84,Jagrati Mall,Balveer,132886510.24
SRO/CH/10785,22/B-203,05/03/2025,8061.73,Pahal Borde,Ashoke,172210084.39
SRO/CH/84825,Sec-22/R-204,13/02/2025,14677.01,Abha Raj,Amrik,189320114.18
SRO/CH/47566,22/R-205,18/12/2021,1681.32,Mugdha Shan,Prakash,34246420.6
SRO/CH/17748,S22/V-206,20/02/2024,1788.53,Aachal Sandal,Vikram,59039439.41
SRO/CH/58732,22/L-207,14/05/2024,4351.52,Samar Bobal,Amarjeet,51219655.29
SRO/CH/27828,S22/G-208,14/12/2023,7073.17,Reyansh Pradhan,Preet,133084301.79
SRO/CH/47605,Sec-22/D-209,07/08/2025,21071.41,Oni Dube,Sukhwinder,268859572.19
SRO/CH/19189,S22/K-210,10/05/2023,8621.02,Radha Raghavan,Ranjeet,185995674.53
SRO/CH/87841,S22/U-211,16/10/2022,4096.85,Yug Brahmbhatt,Paramjeet,66753716.43
SRO/CH/44192,22/G-212,25/05/2025,2499.38,Jeet Wali,Harjit,34914490.92
SRO/CH/59711,22/B-213,18/06/2026,12928.41,Niharika Bhatti,Jagdeesh,328475240.66
SRO/CH/27776,Sec-22/P-214,07/10/2022,2668.8,Gaurav Patil,Davinder,34310187.45
SRO/CH/10328,Sec-22/L-215,07/11/2024,17330.09,Anjali Dhingra,Ashok,179071615.5
SRO/CH/68332,Sec-22/P-216,28/10/2021,4037.65,Anusha Anne,Mandeep,111460659.87
SRO/CH/64542,Sec-22/N-217,09/08/2023,17054.11,Krishna Kapadia,Gurpreet,1452378084.78
SRO/CH/66992,Sec-22/V-218,17/05/2026,8797.44,Henry Dasgupta,Vikram,196108998.29
SRO/CH/53914,S22/B-219,15/03/2023,4537.2,Damini Suri,Jagdish,68540530.21
SRO/CH/39844,S22/R-220,08/02/2024,3333.04,Ikshita Manda,Arjun,65416006.89
SRO/CH/89043,Sec-22/R-221,16/03/2023,3762.84,Hardik Bava,Kiran,274231780.24
SRO/CH/83922,22/F-222,20/08/2026,6966.93,Eesha Ramachandran,Ravinder,46600071.33
SRO/CH/70692,22/H-223,04/09/2025,5316.18,Hemani Wali,Suresh,37552924.61
SRO/CH/21502,S22/K-224,07/10/2025,3152.21,Vansha Datta,Gurmeet,62856494.31
SRO/CH/86171,22/K-225,26/04/2023,740.66,Aditya Varghese,Ashok,56283686.19
SRO/CH/65017,22/P-226,05/10/2024,1506.73,Jonathan Dhar,Sandeep,54526433.8
SRO/CH/89536,22/G-227,14/04/2026,898.89,Amara Bera,Jagtar,16208908.55
SRO/CH/52463,S22/B-228,04/03/2023,628.4,Zaid Sahota,Jaswinder,4758900.19
SRO/CH/22265,S22/F-229,06/03/2025,401.6,Qadim Sarna,Mandeep,32224656.43
SRO/CH/11774,S22/C-230,25/02/2026,276.2,Upadhriti Thakkar,Narindar,13674629.27
SRO/CH/39763,22/E-231,28/11/2021,1233.54,Anya Sangha,Ravinder,7711495.82
SRO/CH/25314,22/H-232,31/05/2025,1246.46,Dalaja Chahal,Manjit,35215706.08
SRO/CH/29022,Sec-22/K-233,19/09/2025,175.67,Niharika Munshi,Vikram,7418751.05
SRO/CH/57651,S22/T-234,15/06/2022,2153.75,Fariq Bose,Jagdish,160880189.04
SRO/CH/83340,Sec-22/A-235,16/10/2021,988.34,Girik Gandhi,Surindar,17421768.51
SRO/CH/18880,S22/U-236,26/05/2022,1911.45,Frado Mangal,Paramjeet,11431424.53
SRO/CH/70048,22/W-237,22/03/2023,213.99,Advaith Samra,Davinder,1656222.67
SRO/CH/76851,22/D-238,10/05/2024,222.92,Varsha Tank,Vikram,2529992.12
SRO/CH/29940,Sec-22/Q-239,15/03/2025,561.12,Nidra Atwal,Harjeet,8122327.38
SRO/CH/48131,22/S-240,18/08/2022,950.78,Abhimanyu Sandal,Jagdish,7898117.5
SRO/CH/68247,S22/P-241,05/02/2023,2587.75,Yash Wable,Kuldeep,37743095.98
SRO/CH/74530,Sec-22/B-242,14/12/2024,1073.38,Saumya Ganguly,Aman,16751894.19
SRO/CH/94209,S22/T-243,15/09/2022,521.94,Parth Borde,Mandeep,5309696.53
SRO/CH/53117,S22/H-244,06/11/2021,267.16,Kiaan Varkey,Manprith,2899380.89
SRO/CH/82369,S22/S-245,17/04/2025,1668.4,Charan Sami,Gurmit,12713710.06
SRO/CH/49848,22/E-246,10/12/2021,293.42,Ladli Garde,Narinder,12443973.05
SRO/CH/97432,22/N-247,06/07/2025,2281.19,Isaiah Nigam,Paramjeet,54725618.72
SRO/CH/31089,22/J-248,16/05/2023,557.03,Jacob Mannan,Davinder,8289744.35
SRO/CH/50688,Sec-22/P-249,28/03/2024,2135.02,Vasudha Memon,Jagtar,157844221.85
SRO/CH/79816,22/J-250,11/01/2025,1098.56,Tanay Agate,Rajesh,49357666.44
SRO/CH/76521,22/T-251,01/03/2024,575.44,Teerth Mody,Simran,10228143.13
SRO/CH/32937,S22/M-252,22/11/2021,411.07,Ubika Sura,Mohun,5252139.39
SRO/CH/99790,22/G-253,05/09/2024,488.9,Ishani Ahuja,Jagdish,10619992.16
SRO/CH/86701,22/R-254,30/10/2021,841.2,Falguni Misra,Satinder,27423244.15
SRO/CH/53449,S22/G-255,13/01/2024,650.57,Hredhaan Ahluwalia,Mandeep,12494999.03
SRO/CH/77006,22/N-256,08/08/2024,393.85,Quincy Ratti,Gurpreet,8286800.98
SRO/CH/42279,Sec-22/F-257,30/09/2024,642.6,Aditya Chaudhuri,Suresh,53869170.42
SRO/CH/51026,22/M-258,08/06/2022,1243.02,Vyanjana Hora,Raj,16041902.47
SRO/CH/10194,S22/C-259,23/03/2026,770.16,Yoshita Dube,Prakash,17993629.57
SRO/CH/59117,S22/C-260,17/04/2024,596.43,Jatin Sura,Ashoke,8013022.35
SRO/CH/92817,Sec-22/V-261,16/11/2025,330.45,Nachiket Krishna,Arjun,1872315.89
SRO/CH/87976,Sec-22/V-262,23/01/2023,212.48,Upma Rana,Lakhveer,3398220.68
SRO/CH/73282,22/A-263,26/01/2025,1049.59,Chandani Patla,Kuldeep,18835477.17
SRO/CH/65462,Sec-22/M-264,24/05/2026,1129.67,Qabil Yadav,Balweer,10814810.03
SRO/CH/12961,S22/T-265,02/07/2025,205.27,Ikbal Sarna,Taranjeet,3878208.13
SRO/CH/58777,Sec-22/E-266,11/12/2024,1957.42,Neel Dey,Arjun,318220148.05
SRO/CH/51642,22/S-267,18/05/2025,911.06,Radha Ahluwalia,Daljeet,13275100.29
SRO/CH/95202,22/R-268,23/10/2021,1520.83,Rushil Choudhry,Ranjeet,28894766.08
SRO/CH/86904,22/C-269,28/08/2023,158.98,Bhavani Baria,Harleen,4284256.85
SRO/CH/43417,22/L-270,02/05/2023,175.34,Megha Sama,Rajesh,3436252.61
SRO/CH/39498,Sec-22/S-271,11/02/2022,405.26,Azad Dyal,Mandip,3739213.53
SRO/CH/35852,S22/T-272,14/12/2024,704.39,Varenya Lata,Sukhwinder,7668985.6
SRO/CH/66201,Sec-22/V-273,24/12/2025,1912.53,Oviya Suresh,Jagtar,124964326.31
SRO/CH/50781,Sec-22/K-274,04/08/2025,865.09,Joshua Nair,Satindar,57958183.82
SRO/CH/22251,Sec-22/B-275,10/08/2025,451.87,Yachana Ramachandran,Anita,11007828.89
SRO/CH/61973,Sec-22/D-276,26/11/2022,248.22,Imaran Chokshi,Sukhpreet,3815442.93
SRO/CH/56087,22/K-277,27/03/2022,1507.91,Jonathan Dugal,Harpreet,41423183.71
SRO/CH/76681,22/P-278,20/05/2026,234.33,Xiti Arya,Sukhvinder,8980689.9
SRO/CH/49369,Sec-22/A-279,15/02/2026,1634.28,Charles Oommen,Kamaljeet,67035203.0
SRO/CH/44231,S22/P-280,08/11/2025,399.88,Abhiram Saraf,Daljeet,28987163.21
SRO/CH/80771,Sec-22/S-281,07/07/2026,1666.9,Bimala Manda,Parkash,22397912.61
SRO/CH/23794,S22/E-282,28/05/2022,797.39,Fitan Sanghvi,Raj,88720312.24
SRO/CH/92280,S22/J-283,05/12/2021,412.04,Michael Vaidya,Anita,7315014.52
SRO/CH/13628,22/B-284,06/09/2022,350.8,Zaid Mand,Raajesh,5929234.84
SRO/CH/26163,22/B-285,16/07/2024,488.79,Adya Kota,Balveer,13551952.42
SRO/CH/70459,22/J-286,01/01/2024,740.23,Rushil Som,Harsimren,33710534.12
SRO/CH/11037,22/N-287,24/02/2026,505.37,Yadavi Golla,Neelam,11152830.21
SRO/CH/68452,S22/Q-288,24/10/2023,322.16,Manthan Karnik,Suresh,30641348.0
SRO/CH/44199,Sec-22/C-289,05/08/2026,4143.99,Kevin Rattan,Satinder,1240260532.17
SRO/CH/31093,S22/C-290,03/03/2024,7602.43,Anusha Handa,Ashoke,122773918.63
SRO/CH/41942,22/U-291,30/09/2023,4776.59,Pooja Badami,Vikram,28837540.53
SRO/CH/58191,22/K-292,17/05/2025,3236.6,Gavin Behl,Rajesh,266223763.17
SRO/CH/40511,22/U-293,03/05/2026,2037.07,Nikita Vohra,Surindar,31007791.49
SRO/CH/33729,22/S-294,30/05/2022,1457.0,Vihaan Kapadia,Vikram,93864496.06
SRO/CH/59367,S22/F-295,29/10/2021,6307.75,Pooja Srinivas,Balveer,477633120.14
SRO/CH/93904,S22/F-295,24/11/2021,6307.75,Balveer,Yashvi Sane,631093402.99
SRO/CH/98359,22/S-296,22/10/2023,6565.23,Daksha Choudhary,Ravneet,133515620.38
SRO/CH/26000,Sec-22/T-297,28/02/2022,1027.31,Januja Mand,Ranjeet,113428497.84
SRO/CH/20725,S22/M-298,05/06/2025,11201.78,Omya Koshy,Jagdish,192255031.77
SRO/CH/23379,S22/S-299,25/10/2025,5139.65,Champak Gopal,Jagdish,210012860.77
SRO/CH/58116,S22/D-300,25/01/2023,9969.85,Aadi Ben,Harlin,279188600.71
SRO/CH/34790,22/W-301,05/09/2024,1171.11,Simon Mangal,Harpreet,22322284.15
SRO/CH/26006,Sec-22/U-302,17/05/2026,1145.92,Ati Chaudhuri,Raj,14273827.58
SRO/CH/37422,Sec-22/W-303,17/01/2023,2846.62,Qasim Krishnan,Manjit,19104763.14
SRO/CH/53554,Sec-22/V-304,26/12/2022,5095.31,Januja Natt,Parmjit,70938731.4
SRO/CH/77570,Sec-22/S-305,12/10/2021,13618.16,Isaac Chatterjee,Sandeep,164546124.56
SRO/CH/34939,22/H-306,28/03/2024,5825.53,Kalpit Narula,Gurdeep,195453465.77
SRO/CH/29201,22/E-307,09/06/2023,2704.75,Janaki Wadhwa,Harsimran,30328897.38
SRO/CH/47768,Sec-22/R-308,07/12/2025,1480.36,Wazir Majumdar,Prakash,28936939.9
SRO/CH/78391,S22/W-309,20/07/2022,8606.81,Leena Chahal,Gurmeet,106943893.18
SRO/CH/56403,S22/W-310,25/08/2022,1676.37,Kalpit Dara,Harsimren,214306858.64
SRO/CH/63658,22/F-311,06/03/2026,12027.47,Rayaan Hans,Harpreet,145541520.81
SRO/CH/23434,Sec-22/N-312,29/06/2022,2776.76,Hardik Borde,Baljeet,116265786.98
SRO/CH/97116,22/Q-313,30/04/2026,11676.79,Charvi Som,Jaswinder,1044640844.83
SRO/CH/72696,S22/J-314,13/04/2024,5668.7,Mitesh Bassi,Gurmeet,92455464.42
SRO/CH/46602,22/J-315,22/12/2023,2900.23,Rehaan Sahota,Jagdish,182405703.43
SRO/CH/49248,S22/G-316,25/09/2022,2164.19,Idika Pau,Preeti,204593465.9
SRO/CH/84889,Sec-22/U-317,06/05/2024,2395.29,Jacob Sarin,Sukhvinder,167178112.23
SRO/CH/99244,22/H-318,06/10/2022,4706.19,Vasudha Saini,Harjeet,227746513.84
SRO/CH/71858,22/D-319,28/01/2026,3453.38,Ojas Mahal,Amandeep,70194889.69
SRO/CH/20631,Sec-22/R-320,24/08/2023,2052.78,Bimala Bath,Vikram,86014767.41
SRO/CH/85453,S22/W-321,15/03/2025,2152.03,Ranveer Rao,Sukhwinder,44593549.36
SRO/CH/87870,Sec-22/L-322,29/11/2022,4229.46,Yochana Borde,Arjun,84548414.11
SRO/CH/12322,22/K-323,06/05/2023,2560.73,Raksha Upadhyay,Karan,25174617.31
SRO/CH/76892,S22/W-324,23/03/2025,1684.55,Madhavi Rattan,Suresh,84357338.89
SRO/CH/90666,22/A-325,10/01/2025,1030.64,Samuel Gour,Gurmit,11410966.49
SRO/CH/18868,Sec-22/L-326,27/06/2023,682.54,Nathaniel Kamdar,Sukhwinder,5920458.52
SRO/CH/59735,S22/G-327,18/07/2026,3470.5,Yochana Shah,Gurprith,41987267.58
SRO/CH/21953,22/B-328,14/03/2024,3526.25,Chavvi Kannan,Gurpreet,64377197.23
SRO/CH/86425,S22/L-329,13/12/2024,481.15,Amrita Dani,Kuldip,6624493.99
SRO/CH/81010,22/H-330,01/12/2022,6039.19,Udarsh Bath,Satinder,65183028.64
SRO/CH/67988,Sec-22/P-331,22/05/2023,2755.02,Bishakha Baral,Karan,27887827.46
SRO/CH/35188,Sec-22/M-332,08/05/2025,5161.83,Arunima Deol,Jaswinder,35314728.26
SRO/CH/31076,S22/K-333,19/02/2023,597.4,Charan Kothari,Gurmeet,4854227.65
SRO/CH/15201,S22/C-334,11/02/2022,612.14,Jack Agarwal,Ranjeet,49052131.16
SRO/CH/69060,22/W-335,17/05/2022,1520.72,Jyoti Nair,Raj,11166825.0
SRO/CH/86735,S22/R-336,30/07/2022,2635.0,Aishani Deol,Jagdeesh,58300777.99
SRO/CH/22525,Sec-22/D-337,18/05/2023,6981.57,Chaitaly Nair,Suresh,363224220.08
SRO/CH/80556,S22/D-338,30/03/2026,3159.74,Advaith Parekh,Vikram,68645619.7
SRO/CH/80675,22/L-339,30/10/2022,1448.18,Ati Goda,Gurmeet,8762077.33
SRO/CH/36902,Sec-22/L-340,28/07/2026,721.83,Amol Yogi,Jagdish,7885349.84
SRO/CH/69445,S22/P-341,01/09/2022,4539.14,Lavanya Kurian,Paramjeet,43632646.41
SRO/CH/55534,Sec-22/E-342,05/12/2022,847.44,Riya Kannan,Jaswinder,45287086.61
SRO/CH/45720,Sec-22/D-343,14/02/2026,6105.5,Amruta Jani,Ashok,311717855.84
SRO/CH/33311,22/K-344,27/06/2024,1465.18,Nachiket Sehgal,Jasmeen,50646464.76
SRO/CH/73380,22/W-345,26/04/2026,6140.48,Radha Pillay,Surinder,65926033.82
SRO/CH/30763,Sec-22/K-346,10/06/2026,2913.03,Varenya Chander,Suresh,36289754.59
SRO/CH/71843,22/W-347,20/01/2025,1519.0,Pratyush Sharaf,Daljeet,55769121.61
SRO/CH/59205,S22/H-348,31/10/2024,1175.42,Patrick Gulati,Jasvinder,10761139.11
SRO/CH/70663,S22/H-348,17/11/2024,1175.42,Jasvinder,Pranit Manda,16088662.75
SRO/CH/56799,S22/D-349,27/12/2022,1352.05,Dayita Gaba,Mohan,56457960.4
SRO/CH/15622,22/U-350,24/11/2025,2445.56,Meera Guha,Lakhveer,22401034.02
SRO/CH/94604,22/W-351,03/04/2025,1830.72,Luke Bora,Satinder,21299389.12
SRO/CH/33034,22/W-351,07/05/2025,1830.72,Satinder,Yatan Sha,26489464.02
SRO/CH/24679,S22/U-352,20/04/2024,1108.79,Harish Vyas,Amrik,16027439.15
SRO/CH/20882,Sec-22/V-353,03/11/2021,763.81,Advik Chaudhry,Baljeet,55309162.03
SRO/CH/53342,Sec-22/Q-354,02/09/2024,1607.48,Leena Bail,Manjeet,13489596.12
SRO/CH/68357,Sec-22/M-355,30/04/2022,974.35,Agastya Bassi,Narinder,32807008.3
SRO/CH/37056,Sec-22/H-356,11/08/2023,630.66,Yuvraj Chacko,Jasvinder,6693890.36
SRO/CH/68854,22/C-357,26/11/2023,403.86,Luke Arya,Raaj,6987410.23
SRO/CH/88938,Sec-22/N-358,21/03/2025,285.57,Hitesh Nigam,Gurmeet,2730402.01
SRO/CH/76468,22/Q-359,25/07/2023,1286.93,Samaksh Dewan,Harprith,15234074.13
SRO/CH/55912,S22/U-360,10/01/2023,1343.55,Sachi Gade,Rawinder,22946668.85
SRO/CH/89031,S22/P-361,07/06/2023,170.5,Garima Srinivas,Surindar,18096914.22
SRO/CH/68695,Sec-22/T-362,23/02/2025,2242.23,Yagnesh Bhalla,Vikram,13218852.9
SRO/CH/73902,Sec-22/K-363,21/10/2024,994.37,Jatin Bail,Raajesh,54472462.45
SRO/CH/48978,S22/R-364,27/05/2026,1884.33,Harshil Minhas,Gurmeet,65263993.34
SRO/CH/66026,S22/S-365,23/10/2025,217.11,Yasti Sagar,Ranjeet,2427721.38
SRO/CH/60032,S22/A-366,21/06/2023,217.65,Aarav Kapur,Jagdish,1704081.52
SRO/CH/78884,22/E-367,29/09/2023,575.76,Utkarsh Sane,Raj,12662593.37
SRO/CH/88896,22/R-368,16/06/2025,906.11,Manan Pandit,Arjun,6456125.84
SRO/CH/83793,S22/F-369,02/10/2025,2734.25,Upkaar Rajagopalan,Jasleen,241328610.51
SRO/CH/86432,S22/G-370,20/11/2025,1150.77,Vyanjana Gara,Manjeet,14860015.76
SRO/CH/35598,22/U-371,08/08/2024,538.19,Udarsh Chaudry,Aman,10396181.42
SRO/CH/58448,22/V-372,03/12/2025,285.14,Ishanvi Bose,Manjeet,1638084.72
SRO/CH/54243,22/L-373,21/07/2023,1608.34,Jagat Patel,Kiran,9406933.56
SRO/CH/23069,22/F-374,06/04/2025,294.5,Caleb Dora,Suresh,16718347.87
SRO/CH/60563,22/A-375,19/03/2022,2159.78,Priya Wali,Taranjeet,21843065.04
SRO/CH/85711,Sec-22/F-376,26/11/2022,485.56,Pratyush Sandal,Jagtar,14182636.71
SRO/CH/17018,S22/V-377,28/02/2026,2330.71,Charvi Mangat,Surinder,21342725.02
SRO/CH/37822,22/C-378,16/01/2022,1063.47,Hemang Madan,Amreek,22076254.0
SRO/CH/60801,Sec-22/P-379,05/01/2026,583.4,Jyoti Lanka,Rajesh,5386617.87
SRO/CH/11712,Sec-22/B-380,09/10/2022,442.18,Aarnav Dixit,Aman,9722361.71
SRO/CH/83602,Sec-22/W-381,17/09/2022,519.79,Ekaja Divan,Harleen,40551634.36
SRO/CH/92054,Sec-22/W-381,15/10/2022,519.79,Harleen,Sanya Sridhar,53330245.41
SRO/CH/98299,Sec-22/V-382,18/11/2023,890.71,Isaiah Sane,Parkash,12276334.09
SRO/CH/80715,22/Q-383,03/07/2023,639.48,Maanav Chana,Amreek,5925844.48
SRO/CH/61649,Sec-22/G-384,13/03/2022,373.72,Joshua Gopal,Rajinder,8083650.64
SRO/CH/12585,Sec-22/W-385,30/09/2022,1888.42,Ira Nagar,Paramjeet,23548715.62
SRO/CH/22131,Sec-22/R-386,04/06/2024,3768.55,Panini Srivastava,Balveer,101765716.38
SRO/CH/85050,22/V-387,28/11/2023,2254.82,Gauri Devi,Arjun,42900213.48
SRO/CH/19664,S22/T-388,27/10/2025,1552.15,Leela Sahota,Kamaljit,25307666.94
SRO/CH/37785,Sec-22/W-389,17/06/2023,987.7,Waida Walia,Raj,18816388.95
SRO/CH/20535,Sec-22/D-390,14/02/2022,739.05,Leena Chacko,Rajinder,13718244.0
SRO/CH/56912,22/Q-391,14/04/2022,2952.75,Theodore Chahal,Daljeet,47358930.17
SRO/CH/78397,22/T-392,30/12/2024,3169.54,Janaki Agate,Gurmeet,288260671.46
SRO/CH/90312,Sec-22/C-393,08/05/2025,402.03,Anay Patil,Suresh,6577564.89
SRO/CH/48591,Sec-22/R-394,13/02/2024,5594.21,Kiaan Choudhary,Taranjeet,108500935.67
SRO/CH/85878,S22/Q-395,19/03/2023,2488.51,Ikshita Patel,Jagdish,25918867.37
SRO/CH/56312,Sec-22/K-396,23/11/2021,4765.5,Chaitaly Sharma,Kiran,106309625.8
SRO/CH/30444,Sec-22/K-397,03/02/2023,549.5,Oviya Kibe,Harjit,31943644.13
SRO/CH/24148,Sec-22/K-397,11/03/2023,549.5,Harjit,Udarsh Bhalla,35652262.2
SRO/CH/51254,Sec-22/V-398,13/08/2026,537.23,Jacob Dhar,Amandip,8047227.44
SRO/CH/77951,Sec-22/E-399,14/10/2022,1444.73,Atharv Samra,Daljeet,21764048.55
SRO/CH/35860,S22/C-400,05/06/2022,2201.43,Chatura Cherian,Ravinder,38413759.42
SRO/CH/83014,S22/D-401,12/05/2025,6554.25,Vansha Dugar,Gurdeep,111650980.48
SRO/CH/30545,22/L-402,10/11/2021,2688.71,Manan Pau,Vikram,146775140.64
SRO/CH/91501,S22/S-403,09/04/2023,1294.04,Farhan Konda,Amrik,16487315.28
SRO/CH/29020,22/C-404,19/03/2022,698.58,Advik Saha,Harprith,8944245.16
SRO/CH/53857,22/H-405,22/01/2024,4180.16,Qabil Singhal,Daljit,262700834.41
SRO/CH/90008,22/H-405,14/03/2024,4180.16,Daljit,Chandani Singhal,364159599.66
SRO/CH/36846,Sec-22/P-406,15/02/2024,765.53,Geetika Sawhney,Amandeep,10166361.63
SRO/CH/24996,S22/B-407,04/01/2023,5849.53,Bhavini Choudhry,Harpreet,94249239.99
SRO/CH/87308,S22/B-408,17/06/2022,1255.72,Darpan Balay,Balveer,25753610.76
SRO/CH/44253,22/U-409,27/05/2025,5468.71,Yahvi Dyal,Manjit,604451160.27
SRO/CH/18765,22/H-410,03/08/2023,2631.56,Meghana Sampath,Kuldeep,25775120.94
SRO/CH/21898,22/H-411,13/12/2023,1416.64,Aarna Thaker,Satinder,118035808.92
SRO/CH/90441,Sec-22/F-412,21/02/2026,1042.27,Utkarsh Sampath,Ravinder,95011263.96
SRO/CH/52048,22/B-413,23/09/2024,1128.06,Anita Chanda,Manjeet,20735595.33
SRO/CH/89426,Sec-22/R-414,08/11/2021,2217.04,Jeremiah Kakar,Aman,22017613.89
SRO/CH/35595,Sec-22/C-415,20/11/2021,1691.65,Daksh Kanda,Manpreet,32821075.89
SRO/CH/17513,22/V-416,15/12/2024,992.86,Qarin Brahmbhatt,Mandip,72093658.96
SRO/CH/30713,S22/F-417,27/05/2025,725.06,Vansha Munshi,Jasmeen,13215429.44
SRO/CH/78457,Sec-22/E-418,05/05/2024,1555.6,Lajita Gala,Sandeep,20834131.06
SRO/CH/62658,22/B-419,30/10/2025,896.96,Kamya Samra,Satindar,83684657.48
SRO/CH/75219,Sec-22/K-420,21/03/2026,604.61,Anamika Chopra,Taranjeet,8102407.31
SRO/CH/69840,S22/G-421,07/08/2022,377.92,Faras Patil,Gurpreet,5262436.63
SRO/CH/72435,S22/H-422,11/07/2024,261.56,Ayaan Khatri,Parmjit,5636653.34
SRO/CH/32531,S22/M-423,13/06/2026,1241.08,Nicholas Chhabra,Jaswinder,7290177.12
SRO/CH/80366,Sec-22/S-424,21/09/2025,1239.46,Siddharth Apte,Daljeet,13979031.96
SRO/CH/97430,22/K-425,26/01/2026,200.96,Raghav Jaggi,Aneeta,21989467.73
SRO/CH/91146,S22/A-426,29/08/2022,2258.27,Wridesh Luthra,Surjeet,68525767.19
SRO/CH/99779,22/P-427,11/07/2026,967.67,Chaitanya Sule,Lakhveer,46309365.89
SRO/CH/34013,22/P-428,05/03/2026,1691.22,Chanakya Murty,Mohan,20539464.46
SRO/CH/28483,22/W-429,13/03/2023,199.35,Dayamai Anand,Paramjeet,13254166.07
SRO/CH/70378,Sec-22/G-430,27/05/2022,203.11,Barkha Rao,Karan,4071882.79
SRO/CH/10169,22/T-431,20/10/2022,495.57,Divya Raman,Sukhwinder,8222260.15
SRO/CH/90882,Sec-22/D-432,08/08/2026,869.72,Kai Chatterjee,Surinder,96689313.89
SRO/CH/12348,S22/N-433,04/12/2023,2323.39,Nikita Thakur,Harpreet,61352122.42
SRO/CH/32546,Sec-22/K-434,07/03/2022,1030.21,Yadavi Doctor,Ravnit,10049600.8
SRO/CH/62267,S22/K-435,09/04/2023,484.48,Lavanya Sood,Simran,8745377.26
SRO/CH/98255,22/V-436,07/10/2023,243.8,Bina Edwin,Taranjeet,4810832.38
SRO/CH/87683,Sec-22/B-437,09/04/2025,1654.41,Ubika Brar,Raj,30590383.44
SRO/CH/59139,S22/M-438,26/03/2026,298.27,Vincent Kale,Sukhvinder,5164793.11
SRO/CH/18701,Sec-22/D-439,30/08/2023,2081.2,Naveen Thaker,Daljeet,41449261.92
SRO/CH/50267,22/G-440,02/07/2024,448.75,Sara Deep,Gurpreet,5716526.97
SRO/CH/87661,Sec-22/A-441,18/10/2025,1986.15,Bina Parsa,Davinder,26272382.04
SRO/CH/74187,22/H-442,01/04/2026,1045.71,Balveer Ram,Parkash,112144578.91
SRO/CH/84754,22/E-443,15/07/2026,591.58,Sathvik Borde,Kamaljeet,10135476.64
SRO/CH/44174,Sec-22/D-444,11/07/2023,436.05,Widisha Chatterjee,Satinder,20968357.43
SRO/CH/70059,22/R-445,30/07/2022,437.88,Luke More,Narinder,8514626.79
SRO/CH/48878,Sec-22/G-446,15/02/2026,812.24,Wishi Chandra,Amarjeet,5844570.51
SRO/CH/26975,S22/U-447,20/03/2024,644.0,Dipta Gara,Gurmeet,27601566.01
SRO/CH/75152,22/N-448,10/03/2022,390.62,Neel Bir,Amarjeet,4096986.09
SRO/CH/94986,22/M-449,27/02/2022,3919.57,Januja Pandit,Ravneet,87196445.39
SRO/CH/94386,22/B-450,15/04/2022,7324.3,Ekavir Gola,Surinder,621180741.54
SRO/CH/31762,Sec-22/K-451,07/04/2023,4486.82,Aarna Solanki,Vikram,63865698.56
SRO/CH/72012,22/Q-452,19/04/2024,3145.43,Riya Dey,Amaan,35549078.72
SRO/CH/93137,Sec-22/B-453,09/11/2022,2020.49,Vinaya Baral,Prakash,34630395.35
SRO/CH/90121,Sec-22/N-454,27/05/2025,1222.13,Bhavini Rattan,Sukhwinder,24939560.46
SRO/CH/16985,22/T-455,20/12/2024,6016.91,Kai Sastry,Prakash,59304847.98
SRO/CH/11521,Sec-22/D-456,10/02/2022,6562.43,Yauvani Murthy,Suresh,327172019.24
SRO/CH/84864,S22/H-457,14/05/2022,818.16,Fiyaz Sachdev,Taranjeet,10387962.85
SRO/CH/36775,Sec-22/D-458,01/02/2026,11180.89,Adya Basak,Gurpreet,64825036.66
SRO/CH/59191,Sec-22/D-458,29/03/2026,11180.89,Gurpreet,Yash Anand,88863713.41
SRO/CH/82761,22/C-459,07/01/2025,4856.35,Henry Mannan,Ashok,413530318.6
SRO/CH/36469,S22/P-460,26/06/2023,9869.31,Nathan Rastogi,Suresh,145535680.28
SRO/CH/34839,22/B-461,05/09/2026,1107.39,Udant Rama,Harleen,12848422.09
SRO/CH/90836,S22/D-462,08/07/2024,1108.79,Girik Palla,Karan,8068508.0
SRO/CH/76385,22/E-463,25/10/2022,2691.94,Upadhriti Warrior,Gurmeet,15696631.24
SRO/CH/24297,S22/N-464,31/12/2022,4505.88,Ikbal Chada,Karan,59644990.01
SRO/CH/74446,22/L-465,09/06/2025,13573.06,Hritik Ranganathan,Ashok,466575383.35
SRO/CH/29243,S22/T-466,07/05/2023,5633.83,Ryan Ratti,Prakash,290300455.81
SRO/CH/13420,Sec-22/A-467,05/03/2024,2669.66,Dhruv Nadig,Jagtar,551845054.64
SRO/CH/74393,Sec-22/A-467,25/03/2024,2669.66,Jagtar,Vedika Kala,669037633.69
SRO/CH/48590,S22/J-468,06/05/2025,1263.14,Ishwar Mallick,Ravinder,12875351.19
SRO/CH/71803,S22/V-469,06/01/2026,8415.86,Balvan Dugal,Prakash,79733241.38
SRO/CH/22147,S22/D-470,11/04/2022,1538.59,Madhav Kala,Amandeep,66272657.32
SRO/CH/21406,S22/J-471,13/03/2025,11296.93,Azad Rai,Arjun,379173501.87
SRO/CH/37754,Sec-22/S-472,30/07/2023,2218.12,Janaki Sani,Harjeet,47213723.89
SRO/CH/39231,Sec-22/G-473,18/07/2025,11280.35,Tanay Bhagat,Harjeet,217468828.75
SRO/CH/31185,22/W-474,15/04/2025,5402.08,Arin Sampath,Arjun,46542362.41
SRO/CH/49935,22/A-475,24/11/2025,2684.95,Zayyan Goda,Manpreet,41119862.21
SRO/CH/68554,S22/W-476,09/02/2023,2076.25,Lucky Biswas,Surinder,176172030.83
SRO/CH/40419,Sec-22/V-477,04/04/2024,2376.24,Nidhi Bumb,Rajesh,38288634.54
SRO/CH/65516,S22/U-478,05/04/2022,4612.98,Siya Saini,Sukhpreet,294756791.58
SRO/CH/53318,22/N-479,23/02/2023,3305.81,Aashi Gour,Jagtar,35720388.77
SRO/CH/93973,22/F-480,15/10/2025,1954.08,George Sangha,Harprith,47363916.06
SRO/CH/78770,22/W-481,09/04/2025,3948.41,Chameli Gala,Ashok,100337988.87
SRO/CH/17595,Sec-22/H-482,15/04/2022,7333.12,Ikshita Saini,Rajesh,120570392.74
SRO/CH/76665,22/L-483,03/01/2022,4451.52,Vaishnavi Wason,Mohan,85009390.14
SRO/CH/60889,Sec-22/B-484,17/04/2023,3035.53,Rajeshri Pant,Narinder,247854157.0
SRO/CH/86587,Sec-22/F-485,02/02/2024,1994.34,Advaith Issac,Narinder,81471721.56
SRO/CH/94594,Sec-22/K-486,19/10/2023,1359.37,Maanav Naik,Manprith,73294599.97
SRO/CH/10931,S22/Q-487,06/06/2025,5886.88,Akshay Dora,Mohan,70890609.48
SRO/CH/84217,22/G-488,12/01/2024,6317.98,Manbir Tata,Karun,142665816.48
SRO/CH/86871,22/Q-489,28/12/2022,705.36,Ishaan Ray,Karan,25783531.77
SRO/CH/47594,S22/A-490,01/04/2022,10960.66,Aarush Seshadri,Paramjeet,358712239.64
SRO/CH/80738,S22/E-491,30/07/2023,4616.21,Shivani Chatterjee,Balweer,27052621.51
SRO/CH/94301,Sec-22/S-492,08/10/2023,9397.1,Tejas Guha,Jasmine,867456252.43
SRO/CH/60387,Sec-22/F-493,23/10/2025,1085.75,Ojas Purohit,Davinder,22559896.12
SRO/CH/43827,22/F-494,19/08/2022,1053.46,Ijaya Kadakia,Amrik,9828922.77
SRO/CH/71404,22/F-494,01/09/2022,1053.46,Amrik,Akshay Prabhakar,14320679.72
SRO/CH/76214,Sec-22/A-495,07/11/2022,2655.88,Amol Mittal,Daljeet,63627838.72
SRO/CH/23131,Sec-22/E-496,23/09/2022,4681.65,Yadavi Dash,Jagtar,32253265.35
SRO/CH/44838,Sec-22/L-497,15/05/2025,12613.57,Tamanna Sachdev,Taranjeet,285727846.32
SRO/CH/69287,Sec-22/L-498,06/02/2024,5199.29,Indira Pandey,Ashok,80219862.64
SRO/CH/47398,S22/P-499,23/01/2026,2519.18,Gautami Comar,Aman,92262336.82
SRO/CH/95537,22/J-500,04/09/2026,1300.71,Tara Sangha,Surindar,119719540.11
SRO/CH/88330,S22/A-501,11/09/2026,8055.16,Peter Gaba,Vikram,496967536.97
SRO/CH/34989,S22/F-502,10/05/2024,1291.88,Lakshmi Mane,Anita,47864532.8
SRO/CH/26583,S22/P-503,07/03/2022,11516.08,Bhanumati Chaudhary,Aman,230315167.37
SRO/CH/68030,Sec-22/F-504,26/04/2025,2334.91,Hemang Chakraborty,Jagdeesh,38067134.59
SRO/CH/31823,S22/Q-505,30/01/2023,11060.66,Nisha Chawla,Manjit,238182663.74
SRO/CH/82696,22/F-506,02/06/2024,5316.18,Harish Sawhney,Gurmeet,88345309.17
SRO/CH/16182,22/F-507,15/05/2022,2755.45,Bimala Salvi,Kamaljit,54537900.03
SRO/CH/56054,Sec-22/H-508,24/06/2026,2172.48,Udant Sha,Jagtar,80256052.14
SRO/CH/66820,Sec-22/K-509,18/11/2021,2208.0,Ishwar Hayre,Harsimren,14274446.02
SRO/CH/51433,Sec-22/C-510,31/03/2023,4357.01,Jeet Panchal,Davinder,48932076.0
SRO/CH/72728,S22/L-511,26/04/2025,3312.16,Nitara Randhawa,Gurmit,84936612.14
SRO/CH/34402,S22/M-512,07/02/2026,1885.19,Kavya Kapur,Karan,12629386.88
SRO/CH/12527,Sec-22/B-513,30/07/2024,2596.15,Amrita Lalla,Suresh,69548411.92
SRO/CH/61519,Sec-22/H-514,22/08/2022,4914.9,Oeshi Khurana,Harleen,105766650.77
SRO/CH/93205,Sec-22/H-514,06/10/2022,4914.9,Harleen,Oeshi Bali,158530518.6
SRO/CH/39961,S22/L-515,09/02/2023,2844.25,Atharv Dube,Satinder,40726760.21
SRO/CH/97469,22/S-516,15/11/2025,1990.78,Zilmil Nadkarni,Mohan,143706999.83
SRO/CH/33856,S22/N-517,04/02/2024,1247.21,Onkar Sani,Sukhwinder,27038172.11
SRO/CH/61588,S22/V-518,19/01/2025,918.59,Mahika Hans,Simran,82050814.88
SRO/CH/17019,Sec-22/J-519,30/11/2024,3898.25,Charan Sanghvi,Ashoke,152754739.85
SRO/CH/62450,S22/D-520,30/06/2023,4068.86,Madhavi Ghose,Sandeep,176213720.85
SRO/CH/73044,22/S-521,20/03/2023,614.08,Eesha Varughese,Baljeet,62771683.34
SRO/CH/72515,22/R-522,23/05/2025,7100.3,Rajeshri Kashyap,Sandeep,266280651.42
SRO/CH/44659,22/B-523,30/11/2022,3272.98,Jonathan Thaman,Paramjeet,68060845.31
SRO/CH/87632,S22/D-524,21/06/2024,5991.72,Manya Lad,Arjun,111278915.31
SRO/CH/92972,22/S-525,10/08/2025,684.58,Ekantika Jani,Surjeet,68177454.54
SRO/CH/34593,22/S-525,28/08/2025,684.58,Surjeet,Girik Bal,98298037.39
SRO/CH/21692,Sec-22/C-526,30/05/2025,643.04,Advay Dua,Amrik,19714183.25
SRO/CH/14322,Sec-22/L-527,18/09/2022,1764.74,Farhan Raja,Harpreet,38959203.49
SRO/CH/71210,22/V-528,29/03/2022,2959.75,Kalpit Setty,Amrik,40267638.25
SRO/CH/51944,Sec-22/E-529,26/06/2026,8344.71,Rachit Khatri,Taranjeet,264193621.31
SRO/CH/58291,S22/M-530,19/03/2022,3570.39,Chameli Hari,Vikram,64561397.09
SRO/CH/71923,S22/R-531,07/11/2025,1708.88,Kritika Lad,Neelam,26398670.3
SRO/CH/25189,Sec-22/F-532,26/10/2025,988.99,Anvi Butala,Prakash,95613075.33
SRO/CH/40756,22/J-533,11/09/2026,5319.84,Arin Chauhan,Kiran,46656172.46
SRO/CH/92986,Sec-22/P-534,15/10/2024,763.91,Tripti Das,Rani,4662904.93
SRO/CH/88878,S22/U-535,09/08/2025,7563.79,Lucky Mandal,Paramjeet,95765834.36
SRO/CH/94363,22/E-536,23/07/2024,1525.57,Pranit Chander,Satinder,46804652.12
SRO/CH/54056,Sec-22/V-537,22/02/2024,7005.58,Warda Pathak,Taranjit,55150450.91
SRO/CH/49715,22/Q-538,08/07/2026,3435.73,Mahika Chaudhuri,Gurdeep,73756589.91
SRO/CH/59839,S22/H-539,11/06/2022,1824.05,Anthony Sachdev,Manjeet,75136892.32
SRO/CH/10350,Sec-22/H-540,05/10/2024,1330.85,Vidhi Bose,Narinder,28886627.97
SRO/CH/77384,Sec-22/S-541,30/10/2025,1526.0,Oni Prashad,Rajinder,21890677.85
SRO/CH/10056,S22/R-542,21/11/2024,2948.99,Shravya Dyal,Balwinder,33824781.18
SRO/CH/47495,S22/P-543,10/10/2025,2125.87,Chanchal Anne,Harjeet,83248433.08
SRO/CH/47205,22/U-544,21/12/2021,1245.49,Azad Dalal,Harpreet,21744553.71
SRO/CH/24492,22/J-545,10/10/2022,2144.6,Idika Sule,Taranjeet,30713433.98
SRO/CH/47144,22/Q-546,31/12/2023,4365.3,Nathan Vig,Ashok,37124942.46
SRO/CH/83262,22/T-547,31/10/2025,2550.83,Jairaj Hans,Baljeet,32663180.8
SRO/CH/43941,S22/C-548,02/11/2022,1840.63,Arin Vasa,Balveer,93955840.8
SRO/CH/57382,S22/C-548,02/12/2022,1840.63,Balveer,Tarak Patla,110237777.1
SRO/CH/48586,Sec-22/P-549,16/10/2023,1107.93,Teerth Balan,Mohun,6730747.16
SRO/CH/62290,22/N-550,08/02/2023,773.17,Lakshit Kannan,Mandeep,14052718.83
SRO/CH/83626,Sec-22/J-551,24/05/2022,3217.76,Jonathan Loyal,Balveer,78256458.99
SRO/CH/87158,S22/T-552,03/04/2023,3492.99,Vasatika Iyengar,Prakash,61665893.76
SRO/CH/28349,S22/Q-553,06/01/2024,660.8,Ijaya Menon,Preet,14725272.35
SRO/CH/42655,22/U-554,20/08/2023,5770.85,Warhi Sarin,Ravinder,47893410.72
SRO/CH/41338,Sec-22/L-555,01/06/2026,2499.38,Reyansh Krishna,Ranjeet,49340184.56
SRO/CH/64600,S22/T-556,23/11/2023,5116.84,Rudra Mand,Harjit,92809620.64
SRO/CH/83040,Sec-22/W-557,11/10/2025,586.42,Harshil Muni,Dawinder,10917283.4
SRO/CH/28332,22/V-558,03/03/2023,545.84,Samesh Sura,Surinder,11527235.24
SRO/CH/60966,22/F-559,19/03/2025,1686.49,Sanaya Sampath,Ravinder,164373432.07
SRO/CH/63069,22/G-560,22/04/2022,2618.75,Eiravati Chokshi,Daljeet,511339291.82
SRO/CH/43239,22/V-561,11/05/2022,7526.44,Pushti Iyengar,Ravnit,204467644.06
SRO/CH/10118,22/C-562,21/11/2023,3357.37,Kashvi Bhatt,Suresh,277370080.94
SRO/CH/25485,22/J-563,18/03/2026,1386.28,Oliver Bandi,Prakash,233724280.08
SRO/CH/62935,Sec-22/M-564,09/04/2025,856.7,Nimrat Memon,Baljeet,17795491.14
SRO/CH/47220,22/S-565,24/05/2026,4643.55,Mitali Balan,Jasvinder,500172359.61
SRO/CH/23645,S22/L-566,13/12/2022,721.93,Pranit Naidu,Baljeet,8450695.49
SRO/CH/16827,S22/G-567,22/10/2022,6568.99,Quincy Parmar,Baljeet,132862802.47
SRO/CH/54311,22/A-568,18/12/2025,1359.59,Elijah Kale,Manpreet,11949006.43
SRO/CH/70980,22/C-569,14/11/2025,6232.73,Kamya Dhillon,Surindar,263609324.49
SRO/CH/87166,Sec-22/U-570,18/09/2025,3013.78,Jason Andra,Narinder,26194723.87
SRO/CH/36652,22/C-571,16/09/2025,1574.01,Advay Narasimhan,Surinder,22967057.08
SRO/CH/79739,22/F-572,23/03/2023,1189.3,Udyati Nagy,Karan,19420127.91
SRO/CH/53950,22/Q-573,24/03/2025,1367.45,Dominic Rajan,Arjun,21059732.49
SRO/CH/26826,22/Q-573,07/05/2025,1367.45,Arjun,Simon Vyas,27115559.16
SRO/CH/54545,Sec-22/P-574,06/05/2023,2522.52,Harshil Mall,Amrik,54141515.55
SRO/CH/50249,22/M-575,14/04/2022,1835.68,Oviya Saran,Vikram,67975609.77
SRO/CH/85594,Sec-22/H-576,15/10/2022,1121.92,Ekaja Hora,Amrik,27081518.2
SRO/CH/93952,Sec-22/H-576,24/11/2022,1121.92,Amrik,Chandran Tak,29940754.25
SRO/CH/55395,Sec-22/H-577,20/11/2024,6394.62,Chakradhar Maharaj,Sureesh,137364748.61
SRO/CH/63526,Sec-22/R-578,21/01/2023,12869.86,Jagdish Dash,Satinder,497203994.99
SRO/CH/71983,Sec-22/C-579,05/11/2021,7713.95,Onveer Narain,Karan,70401932.79
SRO/CH/56426,Sec-22/T-580,04/12/2023,5295.84,Warjas Bail,Kuldip,49993091.71
SRO/CH/95758,S22/F-581,20/07/2026,3220.45,Andrew Agrawal,Baljeet,19100176.86
SRO/CH/25507,S22/P-582,20/07/2024,2348.14,Bhavani Deep,Suresh,31266292.99
SRO/CH/38138,22/T-583,31/10/2022,10470.05,Balhaar Walla,Suresh,1077589357.89
SRO/CH/46252,22/T-584,12/08/2023,11074.33,Geetika Babu,Daljeet,153431053.85
SRO/CH/30724,S22/N-585,16/04/2024,1913.18,Upma Chandran,Aman,34402267.53
SRO/CH/60999,S22/Q-586,11/09/2023,18909.37,Charvi Maharaj,Jagtar,3478252250.64
SRO/CH/46034,22/J-587,16/05/2025,8488.2,Hiral Ratta,Surinder,112840299.85
SRO/CH/22184,S22/M-588,25/02/2023,16320.01,Dhriti Tak,Ravinder,610624577.12
SRO/CH/57176,22/Q-589,01/12/2021,1856.02,Maya Misra,Amrik,37926592.18
SRO/CH/84986,Sec-22/G-590,29/01/2024,1816.84,Wakeeta Dara,Karun,26746783.54
SRO/CH/51108,S22/K-591,30/07/2026,4875.94,Harshil Balakrishnan,Daljeet,77107406.15
SRO/CH/45776,Sec-22/T-592,06/08/2023,8033.1,Champak Anne,Jagdeesh,886991366.12
SRO/CH/34127,22/P-593,13/03/2025,21545.24,Henry Naidu,Arjoon,375535558.22
SRO/CH/91228,Sec-22/Q-594,10/10/2022,9171.17,Upkaar Garde,Navjoth,1637419641.06
SRO/CH/33656,Sec-22/J-595,29/04/2023,4407.49,Rayaan Pillay,Harpreet,99679371.06
SRO/CH/61714,S22/U-596,11/04/2025,2362.46,Charles Lad,Parmjit,40437534.6
SRO/CH/16948,22/H-597,30/05/2025,14139.89,Indrajit Bava,Kiran,670940465.84
SRO/CH/61318,22/G-598,15/02/2022,2531.88,Falan Lalla,Mandeep,15130777.96
SRO/CH/62495,22/N-599,28/11/2024,19311.08,Ladli Madan,Arjun,167624361.79
SRO/CH/71731,Sec-22/M-600,10/08/2024,4202.98,Lakshit Sharma,Davinder,23622317.81
SRO/CH/93573,Sec-22/K-601,29/12/2021,18741.89,Jonathan Nagar,Jaswinder,125971881.93
SRO/CH/27874,S22/S-602,10/12/2022,9318.2,Odika Sekhon,Harleen,402612264.26
SRO/CH/22224,Sec-22/F-603,24/09/2022,4715.77,Wridesh Sridhar,Mandip,285112274.81
SRO/CH/20100,S22/N-604,11/02/2023,3474.48,Avni Nagy,Harjeet,46584928.61
SRO/CH/66191,S22/F-605,25/04/2025,4178.33,Upkaar Chanda,Gurmit,51099130.33
SRO/CH/34791,Sec-22/U-606,15/09/2025,7478.33,Chaman Butala,Raaj,233368405.2
SRO/CH/72861,S22/M-607,24/06/2026,5650.4,Xavier Jha,Vikram,79283886.3
SRO/CH/37351,S22/R-608,23/01/2022,3324.65,Falan Talwar,Aman,27527741.59
SRO/CH/35080,Sec-22/D-609,27/02/2026,1546.56,Simon Arya,Harpreet,131044765.77
SRO/CH/87538,S22/G-610,11/07/2025,3207.53,Upadhriti Rajan,Lakhveer,160359903.84
SRO/CH/49160,S22/F-611,18/05/2022,2004.78,Vinaya Cheema,Ranjeet,112597737.68
SRO/CH/48326,S22/K-612,05/11/2021,1320.62,Sathvik Wable,Jaswinder,16073765.33
SRO/CH/43748,S22/N-613,20/06/2023,811.92,Devika Setty,Sureesh,17823927.66
SRO/CH/58339,Sec-22/G-614,21/04/2026,506.12,Yamini Cherian,Gurpreet,8712718.31
SRO/CH/14718,22/C-615,23/12/2024,2632.2,Theodore Patla,Manpreet,84257569.33
SRO/CH/46490,22/R-616,21/03/2022,2702.28,Sneha Varghese,Rajesh,27075145.2
SRO/CH/62280,22/J-617,11/04/2025,417.21,Mugdha Guha,Daljeet,8269541.91
SRO/CH/88313,S22/B-618,15/10/2024,4630.2,Arunima Sampath,Surinder,97801167.33
SRO/CH/46699,S22/N-619,30/03/2026,2091.0,Damyanti Chaudry,Arjun,202236881.66
SRO/CH/13856,22/B-620,20/05/2022,4009.01,Triya Chhabra,Baljit,286333400.72
SRO/CH/98015,22/B-621,04/07/2025,457.04,Wridesh Babu,Ravneet,2851142.48
SRO/CH/53638,S22/G-622,04/04/2025,438.2,Rachit Loke,Parkash,4564457.33
SRO/CH/42262,22/T-623,30/05/2026,1225.25,Vamakshi Wali,Raj,25833981.59
SRO/CH/80249,S22/T-624,15/10/2022,2017.48,Indira Lanka,Prakash,19117312.83
SRO/CH/84541,Sec-22/F-625,30/11/2023,5538.89,Frado Pandya,Raj,99091083.57
SRO/CH/75252,Sec-22/D-626,03/11/2021,2260.42,Simon Dora,Lakhveer,59047649.48
SRO/CH/18636,Sec-22/F-627,30/09/2023,1107.93,Yadavi Sankar,Ravnit,29731153.45
SRO/CH/28106,Sec-22/W-628,18/12/2021,555.09,Chatresh Sastry,Parkash,44585157.2
SRO/CH/36587,22/K-629,25/09/2023,3517.53,Kala Chaudhari,Vickram,33862682.5
SRO/CH/97187,Sec-22/H-630,11/06/2024,616.77,Lavanya Sami,Ashok,11468142.98
SRO/CH/46751,Sec-22/K-631,27/10/2023,4679.17,Chaitaly Gulati,Raajesh,51536657.39
SRO/CH/92527,S22/K-632,01/02/2026,1088.34,Patrick Majumdar,Sukhprith,52026855.16
SRO/CH/25609,22/G-633,16/07/2026,4715.13,Zilmil Sant,Sukhwinder,44463429.12
SRO/CH/56340,Sec-22/J-634,15/09/2024,2308.43,Chandresh Kothari,Gurdeep,39506555.48
SRO/CH/45861,Sec-22/J-635,22/03/2026,1221.49,Theodore Contractor,Ravinder,15674583.0
SRO/CH/11999,Sec-22/A-636,19/07/2026,888.24,Balendra Lata,Jagdish,53759434.62
SRO/CH/70703,S22/Q-637,08/08/2022,1002.12,Dominic Wali,Amrik,18438080.54
SRO/CH/77860,22/W-638,07/11/2024,1827.49,Anya Kara,Harjeet,96908123.32
SRO/CH/27427,S22/B-639,26/08/2024,1384.45,Manya Ramaswamy,Jaswinder,10942554.57
SRO/CH/20236,22/R-640,10/08/2025,811.17,Thomas Loyal,Aman,78699168.35
SRO/CH/68537,Sec-22/K-641,12/12/2025,618.71,Samesh Garg,Jagdish,10552836.2
SRO/CH/40344,22/M-642,27/09/2022,1253.99,Idika Mani,Jagdish,15345599.92
SRO/CH/45575,22/D-643,17/11/2022,781.57,Aarush Chandra,Jasleen,22326395.95
SRO/CH/18555,S22/C-644,28/08/2022,527.22,Yahvi Sood,Baljeet,72934090.97
SRO/CH/75912,22/V-645,04/09/2022,332.71,William Garde,Sukhwinder,7393815.63
SRO/CH/41640,22/U-646,02/10/2021,209.79,Ekaraj Ganesan,Gurpreet,2862753.64
SRO/CH/39773,S22/E-647,15/09/2024,984.25,Gaurangi Shah,Satinder,32038153.14
SRO/CH/57807,S22/R-648,26/12/2022,1072.3,Agastya Som,Karan,20723322.92
SRO/CH/71843,S22/C-649,16/08/2022,159.31,Gaurika Bail,Harpreet,2313984.56
SRO/CH/66163,Sec-22/D-650,13/06/2023,1714.47,Aishani Bose,Ashok,29286507.56
SRO/CH/68255,Sec-22/S-651,14/06/2023,818.92,Aditya Pandey,Jaswinder,17897811.76
SRO/CH/53915,S22/G-652,10/12/2023,1601.88,Aarav Suresh,Gurmeet,26640805.93
SRO/CH/28302,S22/R-653,26/05/2026,178.03,Urmi Choudhary,Kuldip,8113561.73
SRO/CH/22014,S22/W-654,07/06/2022,176.74,Anay Mannan,Sukhwinder,3055681.98
SRO/CH/47808,S22/B-655,03/06/2023,468.88,Yahvi Ganesh,Surinder,19976849.07
SRO/CH/50643,S22/U-656,19/06/2025,766.6,Girindra Chaudhry,Paramjeet,20381930.65
SRO/CH/91842,Sec-22/A-657,31/01/2026,2209.51,Gautami Sethi,Suresh,28977484.97
SRO/CH/69576,S22/S-658,20/05/2026,959.92,Indali Kurian,Aman,18503338.45
SRO/CH/46346,22/H-659,21/10/2023,440.24,Zehaan Patla,Ravinder,4969460.42
SRO/CH/67038,22/B-660,10/10/2024,205.81,Agastya Pandit,Gurmeet,5978684.03
SRO/CH/52785,S22/M-661,02/07/2024,1415.13,Gauri Vasa,Amrik,23678124.16
SRO/CH/98495,Sec-22/M-662,18/06/2023,227.66,Isaiah Madan,Ashok,3337218.78
SRO/CH/52121,22/F-663,02/04/2024,1814.15,Manbir Roy,Manpreet,21985643.89
SRO/CH/20132,Sec-22/Q-664,22/08/2024,416.02,Lucky Parikh,Vikram,3825962.36
SRO/CH/48946,Sec-22/N-665,23/06/2026,1746.23,Azaan Konda,Vickram,39867757.85
SRO/CH/50867,22/G-666,05/08/2023,876.07,Jagvi Jhaveri,Prakash,14308541.39
SRO/CH/50298,S22/P-667,09/05/2022,486.21,Rishi Purohit,Parmjit,9667720.51
SRO/CH/66018,Sec-22/N-668,01/09/2024,336.59,Anusha Sengupta,Amrik,3235380.0
SRO/CH/95527,22/F-669,01/09/2025,367.91,Alka Palla,Ravinder,2516183.81
SRO/CH/86588,Sec-22/J-670,05/07/2025,706.65,Mahika Sahni,Harjeet,7158401.81
SRO/CH/66882,S22/W-671,22/02/2023,570.16,Dayamai Halder,Manjeet,10799958.35
SRO/CH/11350,S22/R-672,13/01/2023,341.86,Zinal Oza,Jaswinder,3269208.91
SRO/CH/94860,22/D-673,16/10/2022,2398.2,Rachita Sha,Lakhveer,22963860.45
SRO/CH/64859,22/M-674,03/12/2021,4514.06,Bhavya Choudhary,Narinder,97939820.34
SRO/CH/28276,S22/V-675,31/01/2024,2590.22,Wishi Din,Jagtar,35537346.48
SRO/CH/27264,Sec-22/V-676,25/08/2024,1795.63,Mason Virk,Taranjeet,33243476.95
SRO/CH/87519,Sec-22/S-677,20/11/2022,1098.03,Nicholas Mitter,Gurpreet,21902767.2
SRO/CH/60873,22/P-678,24/05/2023,787.06,Bhavya Bhattacharyya,Surjeet,10353671.31
SRO/CH/89922,22/B-679,11/12/2022,4010.2,Alexander Setty,Preet,483888562.05
SRO/CH/49760,22/T-680,22/06/2023,4162.94,Teerth Mandal,Balvindar,47768061.81
SRO/CH/41414,Sec-22/N-681,05/01/2024,504.29,Chatresh Suresh,Raaj,8150172.39
SRO/CH/53029,Sec-22/P-682,06/07/2023,7510.4,Abdul Sani,Taranjit,276924701.96
SRO/CH/72085,22/W-683,11/04/2024,3050.7,Aadi Bedi,Rajinder,35029045.4
SRO/CH/68411,Sec-22/Q-684,13/11/2025,5955.77,Lakshit Palla,Jasleen,94148369.95
SRO/CH/94509,S22/P-685,23/04/2026,686.52,Yadavi Dubey,Narinder,72905201.79
SRO/CH/80477,S22/A-686,06/06/2024,635.93,Anika Dhar,Rajinder,6236403.21
SRO/CH/36234,S22/U-687,08/07/2023,1685.2,Rachana Buch,Taranjeet,121210105.28
SRO/CH/66297,S22/A-688,10/03/2023,2721.22,Theodore Balay,Ashok,73268809.17
SRO/CH/81761,S22/P-689,20/04/2024,7754.53,Isha Kothari,Lakhweer,249470576.73
SRO/CH/17421,Sec-22/T-690,20/05/2022,3454.14,Pahal Rastogi,Ravinder,65675352.76
SRO/CH/11335,22/P-691,14/07/2024,1612.22,Advika Mittal,Amaan,63367704.55
SRO/CH/58227,S22/S-692,03/05/2023,807.4,Oscar Sarin,Taranjeet,6475096.41
SRO/CH/15603,Sec-22/L-693,02/11/2025,4643.33,Liam Iyengar,Prakash,70471057.88
SRO/CH/65074,Sec-22/K-694,17/06/2025,812.35,Krishna Saha,Narindar,16460034.03
SRO/CH/98827,Sec-22/B-695,21/06/2024,7080.92,Charvi Mody,Kamaljeet,47989336.56
SRO/CH/18460,22/N-696,16/01/2025,1444.73,Chameli Shenoy,Gurmeet,31820562.08
SRO/CH/99859,Sec-22/U-697,12/04/2024,6354.58,Keya Sarkar,Taranjeet,762718296.6
SRO/CH/79782,S22/H-698,30/05/2022,2938.44,Lakshit Vyas,Gurdeep,19811113.97
SRO/CH/37416,Sec-22/H-699,22/04/2023,1633.85,Dhriti Thakur,Ranjeet,157594323.25
SRO/CH/18756,Sec-22/A-700,07/09/2026,1292.31,Upadhriti Pandya,Raj,10167952.55
SRO/CH/53509,Sec-22/T-701,09/03/2026,1407.16,Unnati Salvi,Preeti,21745201.99
SRO/CH/48978,Sec-22/L-702,03/09/2024,2656.1,Triya Bala,Davinder,32202220.51
SRO/CH/58678,22/C-703,18/12/2023,2093.36,Oviya Chakrabarti,Ranjeet,213379837.89
SRO/CH/36758,S22/E-704,04/03/2026,1143.34,Chasmum Kibe,Paramjeet,14047448.91
SRO/CH/32400,22/U-705,21/06/2026,8363.98,Joshua Memon,Daljeet,133146184.16
SRO/CH/65958,22/R-706,31/01/2024,16542.93,Maya Dass,Mandeep,187576325.93
SRO/CH/63153,22/F-707,11/04/2026,10358.32,Abeer Shere,Narinder,147910063.34
SRO/CH/33259,Sec-22/C-708,05/12/2023,6950.36,Chatura Chad,Narinder,385405161.68
SRO/CH/68161,S22/H-709,13/04/2022,4293.72,Anamika Chhabra,Rajesh,80146098.85
SRO/CH/85189,Sec-22/E-710,28/05/2023,2625.32,Gunbir Mannan,Baljeet,41140734.83
SRO/CH/60112,S22/S-711,27/10/2022,13264.14,Garima Bhat,Sandeep,274797306.64
SRO/CH/22359,S22/N-712,22/06/2023,14100.17,Yasti Bera,Narinder,212119746.75
SRO/CH/49564,Sec-22/P-713,20/03/2022,1422.56,Zaitra Dhawan,Amandeep,12650685.34
SRO/CH/51193,Sec-22/P-714,10/07/2022,24046.12,Laban Kapoor,Raj,817484493.87
SRO/CH/82410,22/H-715,05/08/2023,10778.75,Charvi Mukhopadhyay,Amandeep,1761368405.66
SRO/CH/45993,22/Q-716,28/11/2025,20664.64,Vedhika Iyer,Kiran,144814490.05
SRO/CH/68948,22/C-717,09/02/2025,2363.43,Ekalinga Acharya,Karan,20922117.84
SRO/CH/41547,22/T-718,10/03/2023,2278.07,Jai Venkatesh,Taranjeet,34467806.73
SRO/CH/70359,S22/N-719,08/01/2025,6207.11,Yug Jayaraman,Manjeet,93789342.73
SRO/CH/30488,22/N-720,30/05/2022,10003.65,Urvi Bakshi,Amrik,122309205.38
SRO/CH/15207,S22/N-721,23/02/2022,28794.62,Mahika Bhakta,Suresh,558847559.07
SRO/CH/25468,22/F-722,18/07/2024,11972.79,Charita Ravel,Rajesh,931570788.8
SRO/CH/98894,S22/C-723,06/07/2025,5590.23,Qarin Keer,Mohan,96159080.99
SRO/CH/83682,Sec-22/F-724,11/02/2024,3184.18,Reva Dasgupta,Jagdish,18387296.79
SRO/CH/94506,Sec-22/C-725,04/05/2022,18520.58,Madhav Bains,Ravinder,360755528.3
SRO/CH/60602,Sec-22/H-726,27/10/2025,3455.86,Lucky Khosla,Ravinder,71421953.13
SRO/CH/28420,S22/J-727,06/04/2022,24716.93,Yasti Iyer,Ashok,498946468.96
SRO/CH/97573,22/Q-728,13/02/2023,5477.53,Varsha Mann,Mohun,229634548.75
SRO/CH/19986,Sec-22/S-729,07/04/2024,24950.83,Harish Tailor,Sukhwinder,1859264031.34
SRO/CH/75193,22/U-730,11/03/2022,12028.34,Anvi Raman,Suresh,183223560.13
SRO/CH/19051,22/L-731,08/11/2022,6212.92,Hredhaan Shetty,Sandeep,168305537.87
SRO/CH/97400,S22/R-732,25/05/2022,4406.31,Pavani Divan,Amrik,63219203.91
SRO/CH/64097,S22/S-733,31/01/2024,5388.3,Bhanumati Shankar,Harpreet,516810346.82
SRO/CH/98157,Sec-22/S-734,29/07/2023,9572.66,Lopa Apte,Jagdish,171410741.14
SRO/CH/17984,S22/B-735,02/08/2024,7448.51,Bahadurjit Saxena,Sandip,207575203.12
SRO/CH/68155,Sec-22/E-736,09/08/2022,4327.63,Isha Dewan,Baljeet,59178906.45
SRO/CH/44541,22/E-737,30/06/2022,705.14,Tara Malhotra,Narinder,11410938.64
SRO/CH/65534,Sec-22/D-738,29/01/2022,1419.44,Nathan Parmar,Jaswinder,19515768.31
SRO/CH/70264,22/Q-739,30/09/2024,893.3,Ikshita Vohra,Narindar,14516520.4
SRO/CH/22993,22/H-740,16/02/2022,601.16,Yochana Bhatnagar,Sukhvinder,22490519.46
SRO/CH/12564,S22/B-741,07/07/2022,368.66,Max Pandey,Amaan,5115678.72
SRO/CH/42813,S22/M-742,30/08/2023,244.77,Tripti Dey,Lakhweer,3956834.64
SRO/CH/81692,Sec-22/E-743,05/05/2026,1090.06,Chavvi Ramesh,Jasmine,63606024.02
SRO/CH/98029,S22/K-744,18/12/2023,1237.96,Veda Puri,Ravinder,12904056.2
SRO/CH/75669,S22/J-745,21/11/2024,146.71,Pranit Tripathi,Ravinder,3073782.64
SRO/CH/92856,Sec-22/S-746,09/07/2022,2169.79,Kai Naik,Gurmit,35295794.05
SRO/CH/93157,22/H-747,12/08/2026,988.02,Netra Bir,Vikram,22386586.92
SRO/CH/44455,Sec-22/E-748,31/07/2024,1833.85,Ayushman Dutt,Harleen,45672867.4
SRO/CH/88689,22/J-749,18/07/2023,211.62,Gopal Cherian,Jagtaar,2431300.41
SRO/CH/28396,S22/P-750,02/01/2022,201.39,Vamakshi Naik,Raj,21199799.36
SRO/CH/49499,Sec-22/M-751,02/09/2023,541.53,Warjas Cheema,Gurprith,7344921.82
SRO/CH/19297,S22/U-752,11/02/2025,987.59,Leena Salvi,Suresh,51892684.2
SRO/CH/93613,S22/K-753,21/07/2026,2436.3,David Krishna,Karan,137533750.87
SRO/CH/28664,S22/L-754,02/06/2024,1001.37,Baljiwan Bora,Sukhwinder,97406968.86
SRO/CH/77720,Sec-22/U-755,27/11/2023,483.84,Kavya Balan,Lakhveer,3964078.95
SRO/CH/26629,22/R-756,17/09/2025,244.23,Ekani Chokshi,Jagdish,10932459.36
SRO/CH/89877,Sec-22/K-757,08/01/2022,1552.58,Krishna Deol,Sandeep,11009439.42
SRO/CH/48072,22/T-758,19/01/2023,264.79,Rohan Krishnan,Aman,2702408.98
SRO/CH/26127,Sec-22/N-759,24/11/2023,2122.43,Raksha Mangal,Raj,39544583.38
SRO/CH/45615,22/K-760,23/08/2026,498.8,Saksham Edwin,Jagdish,4875643.48
SRO/CH/14601,Sec-22/V-761,19/05/2023,1978.3,Rehaan Chadha,Mandeep,51750865.85
SRO/CH/55097,22/J-762,14/01/2022,991.46,Gopal Jani,Narinder,9431405.15
SRO/CH/35967,22/N-763,03/06/2025,527.11,Logan Ahluwalia,Jaswinder,19590580.25
SRO/CH/93489,Sec-22/K-764,27/03/2024,402.14,Nikita Bora,Manjeet,32191133.94
SRO/CH/70777,22/V-765,06/09/2024,458.43,Qasim Wable,Daljeet,9001831.31
SRO/CH/17537,22/R-766,30/09/2021,820.21,Ranveer Johal,Manjeet,11501297.02
SRO/CH/78034,Sec-22/P-767,21/11/2021,621.51,Xiti Pandey,Sukhpreet,10613825.82
SRO/CH/64686,22/T-768,31/10/2022,367.16,Lakshit Bhavsar,Jagtar,10805783.8
SRO/CH/72797,22/N-769,16/11/2023,1223.21,Prisha Puri,Manjeet,80828553.51
SRO/CH/76835,22/J-770,30/05/2024,2528.87,Farhan Datta,Manjeet,165616513.08
SRO/CH/27672,S22/M-771,05/03/2022,1422.66,Harrison Dalal,Mohan,20220496.49
SRO/CH/16554,S22/U-772,15/03/2025,1002.01,Vihaan Behl,Narinder,15046537.87
SRO/CH/97759,22/J-773,14/03/2024,649.6,Arin Kapur,Satinder,7594080.07
SRO/CH/61432,Sec-22/W-774,02/05/2023,449.93,Zayan Ramakrishnan,Taranjit,8572492.26
SRO/CH/87612,Sec-22/L-775,10/04/2025,1867.75,Ekansh Dugar,Ravinder,72431330.04
SRO/CH/75820,22/T-776,21/07/2022,2063.12,Falan Warrior,Surinder,25733620.13
SRO/CH/80367,22/A-777,13/02/2025,271.9,Zarna Tella,Narindar,4405363.92
SRO/CH/60286,22/E-778,23/05/2026,3510.75,Mohini Bhandari,Preet,79440457.77
SRO/CH/33499,S22/J-779,07/04/2024,1600.05,Urishilla Lall,Manjeet,77709501.03
SRO/CH/54652,Sec-22/V-780,03/11/2024,3082.24,Bachittar Nigam,Satinder,29546654.25
SRO/CH/71526,S22/F-781,27/07/2026,367.8,Advika Iyer,Harjeet,39661845.94
SRO/CH/96156,22/S-782,29/12/2024,319.36,Daniel Dewan,Harpreet,24097730.89
SRO/CH/20941,Sec-22/P-783,11/07/2026,859.61,Forum Bhatia,Satinder,9627835.35
SRO/CH/75176,S22/W-784,21/05/2022,1527.29,Wakeeta Bora,Surinder,30051948.5
SRO/CH/26710,Sec-22/R-785,13/04/2024,4079.3,Hiral Bobal,Suresh,324684940.62
SRO/CH/51304,Sec-22/N-786,04/05/2025,1666.9,Faris Srinivas,Daljit,48880878.21
SRO/CH/72314,S22/D-787,14/12/2022,790.72,Anika Barman,Suresh,10721377.52
SRO/CH/36877,Sec-22/S-788,11/10/2022,426.47,Balendra Taneja,Taranjeet,11034505.25
SRO/CH/76744,22/B-789,16/11/2023,2795.49,Inaya Sankar,Lakhveer,37809068.16
SRO/CH/23582,Sec-22/A-790,23/07/2025,437.12,Chavvi Kari,Ashok,42152312.27
SRO/CH/10007,22/A-791,18/10/2022,3597.51,Christopher Bal,Jagdish,25483085.09
SRO/CH/33921,S22/T-792,08/03/2024,813.43,Ladli Badami,Manjeet,15546297.26
SRO/CH/87743,22/U-793,23/12/2022,3541.75,Charles Ram,Jaswinder,78900004.37
SRO/CH/75259,Sec-22/F-794,20/08/2024,1816.95,Jeremiah Sani,Gurpreet,18409289.58
SRO/CH/69907,22/N-795,06/09/2024,896.74,Lakshit D’Alia,Prakash,25765019.35
SRO/CH/14195,Sec-22/B-796,07/02/2025,672.74,Jacob Pillai,Rajesh,7138938.93
SRO/CH/23551,Sec-22/L-797,13/07/2023,759.39,Rishi Oza,Karan,13346159.94
SRO/CH/37112,S22/D-798,20/10/2021,1348.82,Dalbir Khanna,Amandip,66162426.72
SRO/CH/96136,S22/U-799,12/07/2025,1096.52,George Anne,Suresh,19375675.01
SRO/CH/43641,Sec-22/M-800,20/01/2026,634.64,Nitara Yadav,Satinder,21773512.01
SRO/CH/91583,S22/E-801,11/02/2025,2275.27,Alexander Krish,Amrik,48070227.7
SRO/CH/18062,S22/S-802,04/05/2022,4242.81,Faraj Bhandari,Arjun,43645343.71
SRO/CH/81942,22/S-803,01/04/2025,2700.23,Reva Gole,Baljeet,90440256.88
SRO/CH/24328,S22/L-804,05/12/2021,1826.31,Caleb Murthy,Baljeet,19303334.22
SRO/CH/97600,22/A-805,22/10/2024,1132.58,Yash Master,Gurpreet,65796298.0
SRO/CH/32312,S22/S-806,15/10/2024,765.64,Mitali Srinivas,Paramjeet,20447550.89
SRO/CH/88296,22/Q-807,26/12/2024,3599.66,Faraj Bose,Sukhpreet,237627760.66
SRO/CH/20011,S22/K-808,28/10/2025,3752.4,Samesh Talwar,Davinder,33826357.77
SRO/CH/48667,22/L-809,19/01/2025,522.37,Thomas Sawhney,Jasmeen,5248483.13
SRO/CH/93237,S22/G-810,15/12/2025,6562.86,Jeevika Master,Arjun,687920269.93
SRO/CH/12167,Sec-22/A-811,12/10/2024,3053.93,Amara Nagar,Lakhveer,89921595.23
SRO/CH/85374,22/R-812,09/11/2022,5326.3,Chatura Pal,Balwinder,60120987.47
SRO/CH/10870,22/M-813,01/02/2025,626.24,Vedika Mammen,Manjit,22784770.59
SRO/CH/37394,Sec-22/G-814,14/07/2023,609.24,Samar Devan,Lakhweer,9978073.57
SRO/CH/66121,S22/K-815,02/09/2026,1729.01,Dalaja Kade,Ranjeet,276251218.86
SRO/CH/29539,Sec-22/L-816,19/07/2023,2803.57,Kashish Dhar,Jaswinder,34441185.77
SRO/CH/38924,S22/V-817,17/04/2022,7743.98,Wahab Sarraf,Narinder,123821508.0
SRO/CH/89794,S22/M-818,19/08/2023,3296.55,Ishaan Bail,Suresh,395790741.05
SRO/CH/80632,22/D-819,07/03/2026,1558.83,Bahadurjit Madan,Manjeet,34353394.01
SRO/CH/75668,S22/H-820,24/07/2022,725.38,Leena Mital,Ravneet,10300824.14
SRO/CH/64670,Sec-22/S-821,23/02/2024,4831.16,Darpan Mallick,Raj,82268861.58
SRO/CH/33371,Sec-22/S-822,18/02/2024,738.4,Warhi Bahl,Gurmeet,8576052.17
SRO/CH/24923,S22/E-823,19/03/2022,6932.38,Leena Sawhney,Ashok,47039003.41
SRO/CH/91123,Sec-22/J-824,08/01/2024,1527.18,Udarsh Jha,Parkash,26144864.97
SRO/CH/28131,22/F-825,24/05/2022,6315.18,Qarin Sankar,Manjeet,62800444.22
SRO/CH/80244,22/K-826,06/11/2021,3141.55,Dalaja Balay,Suresh,105300295.5
SRO/CH/29510,S22/G-827,01/04/2023,1652.15,Atharv Nayar,Amarjeet,28550865.81
SRO/CH/33550,S22/G-828,08/11/2025,1162.5,Tarak Bala,Prakash,23076517.63
SRO/CH/37577,22/N-829,11/05/2023,1451.51,Radha Sane,Raj,27373298.92
SRO/CH/52818,22/H-830,10/05/2026,2491.2,Ikbal Rama,Rajinder,76970180.25
SRO/CH/17756,22/R-831,09/05/2024,1927.17,Ubika Samra,Mandeep,39842241.96
SRO/CH/35258,22/U-832,07/11/2024,1165.84,Nicholas Raj,Vikram,23936336.02
SRO/CH/21211,22/B-833,25/08/2026,1599.62,Wazir Deo,Lakhveer,27237751.75
SRO/CH/92440,22/B-833,24/10/2026,1599.62,Lakhveer,Avni Mahal,33940625.48
SRO/CH/46578,22/V-834,20/03/2025,3033.37,Zaid Merchant,Sandip,40443139.2
SRO/CH/61232,Sec-22/M-835,12/04/2024,1942.88,Megha Barad,Sukhwinder,16549590.1
SRO/CH/61061,S22/Q-836,04/04/2025,1241.72,Janaki Luthra,Baljeet,26472149.84
SRO/CH/24409,S22/M-837,24/09/2023,823.55,Advik Dash,Jaswinder,15721819.21
SRO/CH/81509,22/T-838,18/11/2021,490.51,Ekani Lalla,Simran,6784499.9
SRO/CH/94620,22/R-839,27/11/2023,2492.27,Sachi Shere,Kuldeep,45103518.93
SRO/CH/65838,Sec-22/G-840,10/12/2025,2718.21,Ria Andra,Harjeet,36319320.59
SRO/CH/50424,22/P-841,27/05/2022,388.25,Balhaar Parmer,Mandeep,5220871.12
SRO/CH/94731,Sec-22/D-842,05/04/2024,4346.68,Tejas Rege,Karan,481587380.21
SRO/CH/37896,22/W-843,09/09/2026,1963.77,Fariq Malhotra,Gurmeet,76985380.13
SRO/CH/57270,Sec-22/E-844,06/06/2022,3839.27,Devansh Sastry,Jasleen,373794789.15
SRO/CH/79440,Sec-22/H-845,01/03/2024,435.4,Aarna Majumdar,Arjun,3682855.32
SRO/CH/14090,22/P-846,04/05/2024,446.27,Warda Datta,Jaswinder,7499004.66
SRO/CH/23127,Sec-22/P-847,06/08/2026,1100.07,Owen Din,Karan,14743099.05
SRO/CH/87958,Sec-22/P-847,22/08/2026,1100.07,Karan,Viraj Contractor,20275670.6
SRO/CH/24159,22/W-848,26/05/2024,1814.58,Qarin Toor,Harjit,16037347.19
SRO/CH/26915,S22/P-849,09/12/2021,5238.47,Edhitha Barman,Harsimran,438966643.38
SRO/CH/20753,Sec-22/S-850,20/03/2026,2208.21,Darsh Lad,Jasleen,26626541.0
SRO/CH/10515,S22/G-851,23/03/2022,1048.73,Amol Pandit,Satinder,36280382.77
SRO/CH/46493,S22/U-852,26/07/2022,512.58,Wahab Palla,Ashok,21489804.25
SRO/CH/25251,Sec-22/E-853,20/08/2025,3417.32,Faras Tripathi,Taranjeet,153552709.88
SRO/CH/89729,S22/L-854,29/04/2022,596.54,Isaiah Vaidya,Ranjeet,7476257.85
SRO/CH/42981,Sec-22/W-855,02/05/2022,4569.6,Warjas Jani,Gurmeet,72366354.79
SRO/CH/42173,Sec-22/P-856,25/05/2025,1086.72,Kamya Sagar,Pooja,20351461.87
SRO/CH/68285,Sec-22/K-857,08/09/2023,4514.27,Pooja Mandal,Manjeet,97278612.52
SRO/CH/24466,22/F-858,17/02/2022,2156.66,Aryan Narain,Anita,35125133.98
SRO/CH/49456,22/D-859,16/09/2023,1154.0,Gautami Reddy,Ravinder,14099507.51
SRO/CH/64835,Sec-22/C-860,21/09/2022,836.14,Upma Menon,Satinder,7663775.29
SRO/CH/86980,S22/K-861,15/07/2024,1030.43,Naveen Pillay,Manjeet,12981451.02
SRO/CH/19871,22/W-862,02/09/2022,1771.42,Bina Doctor,Narinder,162638054.96
SRO/CH/13988,22/A-863,24/10/2021,1359.91,Hitesh Kakar,Manjeet,79992650.2
SRO/CH/43417,S22/E-864,31/05/2022,801.48,Yasti Trivedi,Taranjit,16445603.32
SRO/CH/27779,Sec-22/D-865,29/07/2026,782.0,Tanveer Radhakrishnan,Baljeet,32434623.03
SRO/CH/51175,Sec-22/U-866,17/02/2025,1531.49,Mason Raj,Aneeta,121772986.74
SRO/CH/68230,S22/F-867,19/05/2024,828.39,Faras Kapur,Amrik,12345725.33
SRO/CH/63221,22/U-868,24/11/2022,548.31,Jairaj Wable,Arjun,56133028.48
SRO/CH/53177,S22/U-869,16/03/2022,365.0,Urmi Vohra,Gurdeep,5873956.46
SRO/CH/86956,Sec-22/N-870,27/08/2024,237.34,Edhitha Luthra,Rajesh,6890745.29
SRO/CH/34617,22/R-871,06/06/2026,1173.27,Chaaya Kohli,Davinder,24872594.68
SRO/CH/88370,22/R-872,06/12/2023,1177.14,Xavier Pathak,Surinder,14222406.33
SRO/CH/36290,S22/G-873,22/12/2024,198.27,Tamanna Murty,Jagdish,1520791.65
SRO/CH/74621,S22/C-874,07/07/2026,2146.54,Wridesh Saxena,Harsimran,34958026.85
SRO/CH/55870,S22/D-875,08/12/2023,968.64,Janaki Buch,Balveer,17693863.98
SRO/CH/28692,S22/H-876,22/03/2026,1883.9,Yashasvi Bose,Gurpreet,16322483.59
SRO/CH/98414,22/L-877,07/05/2025,196.55,Veda Karpe,Jasmeen,1658929.99
SRO/CH/94825,S22/N-878,17/10/2025,208.17,Omya Karpe,Mohan,2841155.79
SRO/CH/56178,Sec-22/U-879,10/12/2025,519.14,Yash Reddy,Daljeet,5250596.29
SRO/CH/61525,22/Q-880,05/02/2025,794.91,Abha Mangat,Satinder,12758269.82
SRO/CH/13954,Sec-22/U-881,23/04/2022,2560.95,Dipta Dalal,Mohan,20900632.57
SRO/CH/63877,22/R-882,17/10/2024,1072.41,Nilima Sama,Harpreet,29668452.63
SRO/CH/77651,22/G-883,14/07/2022,475.87,Warda Hora,Amarjeet,7031811.04
SRO/CH/90100,22/D-884,22/06/2023,279.54,Sudiksha Aurora,Vikram,5284933.32
SRO/CH/46863,S22/R-885,24/11/2025,1734.06,Jai Sahota,Jagtar,129566460.52
SRO/CH/50552,S22/D-886,05/09/2026,375.98,Upma Chaudhuri,Rajesh,6710983.22
SRO/CH/97717,S22/G-887,29/11/2024,2433.93,Bahadurjit Sankar,Rajesh,141729671.51
SRO/CH/68104,22/K-888,01/08/2025,605.36,Ojas Bora,Mohan,4172900.04
SRO/CH/38303,22/J-889,09/10/2024,2133.84,Yutika Wagle,Daljeet,28598082.59
SRO/CH/49357,Sec-22/Q-890,10/03/2026,907.93,Pahal Pandya,Mohun,17253371.34
SRO/CH/22555,S22/U-891,11/04/2025,518.82,Neelima Khurana,Jagdish,4716024.34
SRO/CH/11328,22/L-892,06/12/2023,405.26,Jagat Nayar,Prakash,7044353.75
SRO/CH/23354,Sec-22/J-893,18/10/2024,527.97,Hritik Bath,Jaswinder,16124075.19
SRO/CH/48420,22/C-894,13/05/2023,878.01,Isha Sen,Amrik,12265477.06
SRO/CH/78790,Sec-22/L-895,08/10/2022,645.4,Shivani Sarin,Sukhwinder,21475221.17
SRO/CH/85149,22/W-896,17/02/2026,381.69,Vansha Desai,Raajesh,5630523.87
SRO/CH/71071,S22/G-897,15/03/2026,4082.53,Yashodhara Chacko,Davinder,45938218.03
SRO/CH/23234,S22/F-898,17/01/2026,7372.2,Abhimanyu Pingle,Rajesh,70330068.98
SRO/CH/96154,22/K-899,03/10/2022,4467.13,Ladli Nagi,Baljeet,126572945.83
SRO/CH/54698,Sec-22/T-900,22/10/2022,3220.56,Patrick Trivedi,Gurmeet,85302664.89
SRO/CH/94976,22/P-901,10/02/2026,1958.92,Gunbir Kata,Harpreet,26971803.47
SRO/CH/60600,Sec-22/T-902,19/06/2024,1216.21,Wakeeta Om,Manjeet,13530187.71
SRO/CH/51804,22/J-903,15/11/2025,6319.59,Zarna Vohra,Raj,70227926.36
SRO/CH/88188,Sec-22/J-904,22/06/2022,7077.91,Bhavika Naidu,Daljeet,987862674.9
SRO/CH/27154,S22/U-905,04/02/2023,1266.8,Eiravati Gokhale,Amaan,71144489.2
SRO/CH/98379,Sec-22/C-906,27/11/2025,10669.29,Benjamin Kade,Gurmeet,183933482.09
SRO/CH/22709,S22/V-907,03/08/2026,4954.52,Zilmil Mall,Simran,131413274.2
SRO/CH/98866,S22/P-908,17/04/2026,10296.21,Hardik Palan,Amrik,199379274.14
SRO/CH/16144,S22/H-909,05/06/2022,1154.43,Noah Dani,Sandeep,21679213.26
SRO/CH/76804,S22/G-910,29/01/2023,1178.97,Anusha Sur,Daljeet,34380345.13
SRO/CH/26406,22/H-911,06/01/2023,2779.78,Udarsh Gara,Surinder,30587508.11
SRO/CH/63266,S22/C-912,27/04/2026,4532.25,Aashi Cherian,Lakhveer,159480313.8
SRO/CH/83047,22/B-913,31/01/2024,13576.61,Arya Dhaliwal,Satindar,264026501.76
SRO/CH/65394,S22/U-914,04/01/2023,5609.82,Samuel Trivedi,Lakhveer,190006823.05
SRO/CH/11566,Sec-22/E-915,17/05/2024,2656.75,Ayaan Baral,Ranjeet,27161563.64
SRO/CH/35537,Sec-22/D-916,02/10/2024,1451.94,Abeer Suresh,Vickram,135640023.04
SRO/CH/91766,S22/D-917,20/09/2024,8760.31,Kala Jani,Karan,423307095.97
SRO/CH/78400,Sec-22/P-918,16/11/2021,1604.57,Pooja Saxena,Sukhvinder,57121023.99
SRO/CH/24218,S22/P-919,03/12/2025,11673.34,Sudiksha Merchant,Aman,223609225.3
SRO/CH/61582,Sec-22/Q-920,21/03/2026,2684.3,Jagdish Saxena,Manjit,198663554.92
SRO/CH/50004,Sec-22/L-921,12/12/2021,11704.02,Wakeeta Lall,Ravinder,868168209.36
SRO/CH/75989,Sec-22/R-922,08/11/2021,5416.39,Laksh Mallick,Sandeep,134572172.19
SRO/CH/49829,22/S-923,11/09/2023,2842.75,Irya Brar,Sukhwinder,252394633.62
SRO/CH/69888,S22/D-924,19/09/2023,2087.55,Falan Narain,Vikram,123266643.73
SRO/CH/74601,Sec-22/E-925,16/06/2026,2471.28,Yashica Nayak,Jaswinder,43941358.2
SRO/CH/12781,Sec-22/P-926,06/03/2025,4425.58,Sudiksha Varghese,Amandeep,472921855.32
SRO/CH/46268,Sec-22/A-927,02/12/2021,3531.74,Divya Barad,Kuldeep,70560662.05
SRO/CH/21008,22/P-928,06/06/2026,2006.82,Harish Verma,Vikram,18587582.95
SRO/CH/39161,S22/L-929,27/08/2024,10586.94,Ranveer Banik,Preeti,164507255.99
SRO/CH/10443,S22/H-930,16/12/2025,19566.19,Yatan Devan,Balveer,306951716.74
SRO/CH/77745,S22/V-931,01/03/2022,12323.8,Thomas Hayre,Jasleen,299986690.92
SRO/CH/74930,Sec-22/E-932,03/04/2026,8447.08,Upma Doshi,Mohun,238843748.79
SRO/CH/11638,Sec-22/R-933,30/10/2023,5324.15,Rachit Taneja,Daljit,42667889.28
SRO/CH/60579,S22/C-934,19/02/2022,3197.31,Karan Issac,Ranjeet,62305486.42
SRO/CH/41949,22/N-935,04/06/2023,16096.98,Zaitra Kala,Aman,1794449070.6
SRO/CH/88716,S22/T-936,16/02/2026,16952.39,Radha Bhavsar,Mohan,268417651.46
SRO/CH/30778,S22/H-937,26/05/2022,2660.3,Sathvik Gokhale,Gurmeet,156569169.83
SRO/CH/18725,22/P-938,10/12/2021,28839.82,Omya Lall,Ravinder,287101677.28
SRO/CH/50446,22/L-939,28/11/2022,12950.37,Wahab Palla,Harsimran,769633670.92
SRO/CH/91905,Sec-22/U-940,19/08/2023,25128.0,Pranit Mital,Ranjeet,207732011.73
SRO/CH/27273,Sec-22/D-941,07/04/2026,2738.44,Brinda Sundaram,Amandeep,57319772.36
SRO/CH/98566,Sec-22/D-941,15/05/2026,2738.44,Amandeep,Manya Parikh,76927118.0
SRO/CH/39002,22/T-942,14/12/2024,2881.71,Chakrika Char,Raj,37056688.9
SRO/CH/34967,22/Q-943,27/11/2023,7362.83,Isaiah Mani,Sandeep,63118281.71
SRO/CH/31348,22/A-944,25/05/2025,12553.29,Sanya Nanda,Balwinder,105043491.47
SRO/CH/10278,S22/V-945,31/03/2025,34314.99,Pavani D’Alia,Surinder,212868915.11
SRO/CH/99302,22/Q-946,08/03/2022,14216.64,Ucchal Nagar,Baljeet,642748117.48
SRO/CH/44750,Sec-22/S-947,13/11/2021,6898.58,Idika Rao,Prakash,130917732.17
SRO/CH/40330,22/C-948,03/05/2025,3203.12,Veda Suresh,Davinder,63521250.3
SRO/CH/26929,22/C-949,25/04/2023,22098.29,Wahab Balakrishnan,Daljit,2337681388.9
SRO/CH/48062,Sec-22/L-950,03/02/2022,3772.85,Amrita Tripathi,Balweer,28926989.44
SRO/CH/43246,S22/A-951,15/12/2021,29671.44,Nilima Bhat,Mandeep,1279827650.46
SRO/CH/39200,Sec-22/M-952,08/07/2026,6603.01,Advika Nadkarni,Parmjit,55495379.6
SRO/CH/43168,Sec-22/M-953,27/04/2025,28973.19,Mahika Sathe,Taranjeet,450415695.62
SRO/CH/23138,S22/L-954,19/10/2022,14039.25,Mohini Lad,Ranee,245457529.02
SRO/CH/17177,22/L-955,08/12/2021,7371.01,Amrita Sunder,Jaswinder,148681351.42
SRO/CH/33279,S22/W-956,19/08/2022,5357.52,Harinakshi Bath,Parkash,127823941.17
SRO/CH/99620,22/T-957,21/09/2024,6376.32,Sara Rout,Gurmit,91177321.25
SRO/CH/91130,22/R-958,30/06/2026,11865.69,Ojas Wason,Jagdish,216131641.55
SRO/CH/48685,22/J-959,21/08/2024,8782.16,Imaran Narayan,Taranjeet,801205731.92
SRO/CH/26362,Sec-22/U-960,21/03/2025,5108.98,Anmol Bail,Surinder,82363851.73
SRO/CH/22662,22/E-961,09/11/2023,1966.03,Gautam Nath,Neelam,388646845.23
SRO/CH/41716,22/T-962,15/02/2022,3663.49,Dev Bawa,Lakhveer,80416041.65
SRO/CH/30118,Sec-22/J-963,23/11/2021,2243.95,Janaki Wason,Amrik,146194455.06
SRO/CH/97141,Sec-22/U-964,01/04/2024,1514.37,Naksh Wason,Sandeep,12637883.39
SRO/CH/15854,S22/H-965,04/02/2022,950.13,Veer Mannan,Jasmeen,55625493.29
SRO/CH/52609,Sec-22/J-966,05/04/2025,672.64,Kashvi Narula,Baljeet,5204287.22
SRO/CH/47407,S22/M-967,04/07/2022,3003.99,Tanveer Kothari,Mohun,26221428.22
SRO/CH/11129,Sec-22/S-968,17/01/2026,3196.56,Balendra Bahri,Manjit,152859678.61
SRO/CH/36176,S22/A-969,24/02/2025,395.25,Yachana Rao,Paramjeet,69827782.07
SRO/CH/49423,Sec-22/N-970,08/08/2023,5541.15,Brijesh Dugar,Sukhvinder,1010048148.97
SRO/CH/59031,Sec-22/F-971,18/04/2023,2347.39,Charvi Bajwa,Amrik,21742575.83
SRO/CH/47454,22/Q-972,01/12/2025,4719.97,Yug Bandi,Sureesh,470385663.86
SRO/CH/51704,S22/E-973,15/04/2022,548.21,Jatin Purohit,Vickram,10927469.26
SRO/CH/63082,22/A-974,28/07/2024,548.21,Karan Madan,Jasvinder,10865361.91
SRO/CH/47616,22/C-975,17/11/2023,1351.41,Faraj Borah,Sureesh,41457075.17
SRO/CH/31656,Sec-22/H-976,22/02/2024,2474.62,Anmol Aurora,Manjit,43314999.96
SRO/CH/66238,Sec-22/H-977,01/12/2021,6225.3,Girish Raman,Rawinder,51461420.81
SRO/CH/11835,S22/V-978,13/08/2024,2794.63,Devika Naik,Jaswinder,47645106.63
SRO/CH/15172,Sec-22/E-979,30/12/2023,1287.15,Yauvani Bajaj,Raj,18875176.66
SRO/CH/63756,Sec-22/B-980,18/05/2022,625.06,Anusha Shanker,Raajesh,8778997.82
SRO/CH/81642,Sec-22/V-981,22/03/2024,4113.21,Harish Lalla,Suresh,72902003.82
SRO/CH/86436,Sec-22/L-982,03/02/2024,657.57,Krisha Manne,Sandeep,46070440.35
SRO/CH/96354,22/T-983,01/11/2022,5771.82,Girik Kapadia,Harjeet,59429068.94
SRO/CH/89350,22/N-984,22/04/2025,1361.53,Arya Subramanian,Gurpreet,29859484.86
SRO/CH/66720,S22/K-985,08/01/2026,5421.99,Yashawini Konda,Jagdish,89165458.35
SRO/CH/45090,22/J-986,25/11/2022,2657.28,Anay Taneja,Harpreet,65268460.24
SRO/CH/73358,22/N-987,04/09/2022,1404.8,Kashish Chokshi,Manjeet,20451383.85
SRO/CH/20452,S22/J-988,19/03/2024,1035.06,Udarsh Bakshi,Ranjeet,17962932.45
SRO/CH/97343,S22/Q-989,01/11/2023,1133.01,Vincent Sekhon,Arjun,15689854.53
SRO/CH/81219,S22/M-990,19/03/2025,2249.33,Vansha Chopra,Surinder,36046600.82
SRO/CH/39671,22/S-991,02/05/2026,1599.52,Gaurangi Dhawan,Taranjeet,30859825.21
SRO/CH/59605,S22/H-992,12/01/2022,944.75,Girish Gara,Amreek,11328543.59
SRO/CH/79291,S22/H-992,28/02/2022,944.75,Amreek,Vrishti Krish,12875328.62
SRO/CH/54523,22/N-993,17/08/2024,790.5,Lohit Rau,Mohan,15261376.55
SRO/CH/12507,22/U-994,20/11/2023,1540.96,Viraj Bhargava,Gurdeep,49622965.09
SRO/CH/53810,22/A-995,27/11/2021,954.0,Zayyan Sabharwal,Narindar,7122427.27
SRO/CH/20565,22/W-996,07/04/2025,640.45,Geetika Dora,Ravneet,30451832.11
SRO/CH/82787,22/V-997,27/11/2022,416.56,Ekanta Ray,Jagtaar,8639839.92
SRO/CH/73983,22/R-998,11/07/2026,307.74,Amrita Kadakia,Gurpreet,26552808.32
SRO/CH/27218,S22/J-999,22/04/2022,1234.3,Xalak Munshi,Gurpreet,10801691.59
SRO/CH/47586,22/C-1000,16/10/2021,1316.96,Ekanta Shenoy,Dawinder,325284952.13
SRO/CH/97112,22/E-1001,21/09/2023,191.38,Yoshita Bumb,Vikram,10060444.09
SRO/CH/45642,22/C-1002,25/02/2023,2361.71,Pavani Brahmbhatt,Lakhveer,19611674.44
SRO/CH/38662,S22/C-1003,28/09/2025,967.35,Joshua Arya,Vikram,20840921.59
SRO/CH/23202,Sec-22/D-1004,24/09/2022,2033.73,Zinal Dara,Suresh,18177621.36
SRO/CH/62773,22/M-1005,29/04/2022,227.23,Rudra Sarma,Baljeet,39970250.28
SRO/CH/19441,22/L-1006,23/12/2024,224.1,Balvan Samra,Rajesh,1993043.3
SRO/CH/76552,22/M-1007,15/06/2024,579.42,Onkar Vohra,Gurmeet,9627809.05
SRO/CH/23363,22/M-1007,14/08/2024,579.42,Gurmeet,Logan Sahota,13338706.89
SRO/CH/29487,S22/L-1008,19/11/2023,1047.0,Aditya Minhas,Karan,18032646.68
SRO/CH/71306,S22/U-1009,06/02/2025,2581.83,Radhika Menon,Mohan,39856778.74
SRO/CH/26377,Sec-22/N-165,16/03/2024,323.56,Vikram,Yatin Morar,324987.91
SRO/CH/35210,Sec-22/N-165,15/04/2024,323.56,Yatin Morar,Kevin Mukherjee,568728.84
SRO/CH/59816,Sec-22/N-165,15/05/2024,323.56,Kevin Mukherjee,Ladli Mangat,812469.78
